title,description,itemId,KAKAO_contents,Naver_description
소년이 온다 - 2024 노벨문학상 수상작가,섬세한 감수성과 치밀한 문장으로 인간 존재의 본질을 탐구해온 작가 한강의 여섯번째 장편소설. '상처의 구조에 대한 투시와 천착의 서사'를 통해 한강만이 풀어낼 수 있는 방식으로 1980년 5월을 새롭게 조명한다.,40869703,"2014년 만해문학상, 2017년 이탈리아 말라파르테 문학상을 수상하고 전세계 20여개국에 번역 출간되며 세계를 사로잡은 우리 시대의 소설 『소년이 온다』. 이 작품은 『채식주의자』로 인터내셔널 부커상을 수상한 한강 작가에게 “눈을 뗄 수 없는, 보편적이며 깊은 울림”(뉴욕타임즈), “역사와 인간의 본질을 다룬 충격적이고 도발적인 소설”(가디언), “한강을 뛰어넘은 한강의 소설”(문학평론가 신형철)이라는 찬사를 선사한 작품으로, 그간 많은 독자","말라파르테 문학상, 만해문학상 수상작 
우리 시대의 소설 『소년이 온다』

2014년 만해문학상, 2017년 이탈리아 말라파르테 문학상을 수상하고 전세계 20여개국에 번역 출간되며 세계를 사로잡은 우리 시대의 소설 『소년이 온다』.
이 작품은 『채식주의자』로 인터내셔널 부커상을 수상한 한강 작가에게 “눈을 뗄 수 없는, 보편적이며 깊은 울림”(뉴욕타임즈), “역사와 인간의 본질을 다룬 충격적이고 도발적인 소설”(가디언), “한강을 뛰어넘은 한강의 소설”(문학평론가 신형철)이라는 찬사를 선사한 작품으로, 그간 많은 독자들에게 광주의 상처를 깨우치고 함께 아파하는 문학적인 헌사로 높은 관심과 찬사를 받아왔다. 
『소년이 온다』는 ‘상처의 구조에 대한 투시와 천착의 서사’를 통해 한강만이 풀어낼 수 있는 방식으로 1980년 5월을 새롭게 조명하며, 무고한 영혼들의 말을 대신 전하는 듯한 진심 어린 문장들로 5·18 이후를 살고 있는 우리에게 묵직한 질문을 던진다. 
이 작품은 가장 한국적인 서사로 세계를 사로잡은 한강 문학의 지향점을 보여준다. 인간의 잔혹함과 위대함을 동시에 증언하는 이 충일한 서사는 이렇듯 시공간의 한계를 넘어 인간 역사의 보편성을 보여주며 훼손되지 말아야 할 인간성을 절박하게 복원한다."
"작별하지 않는다 - 2024 노벨문학상 수상작가, 한강 장편소설",2016년 &lt;채식주의자&gt;로 인터내셔널 부커상을 수상하고 2018년 &lt;흰&gt;으로 같은 상 최종 후보에 오른 한강 작가의 5년 만의 장편소설. 2019년 겨울부터 이듬해 봄까지 계간 &lt;문학동네&gt;에 전반부를 연재하며 큰 관심을 모은 작품이다.,278770576,"2016년 『채식주의자』로 인터내셔널 부커상을 수상하고 2018년 『흰』으로 같은 상 최종 후보에 오른 한강 작가의 5년 만의 신작 장편소설 『작별하지 않는다』가 출간되었다. 2019년 겨울부터 이듬해 봄까지 계간 『문학동네』에 전반부를 연재하면서부터 큰 관심을 모았고, 그뒤 일 년여에 걸쳐 후반부를 집필하고 또 전체를 공들여 다듬는 지난한 과정을 거쳐 완성되었다. 본래 「눈 한 송이가 녹는 동안」(2015년 황순원문학상 수상작), 「작별」(2018","무엇을 생각하면 견딜 수 있나.
가슴에 활활 일어나는 불이 없다면.
기어이 돌아가 껴안을 네가 없다면.

이곳에 살았던 이들로부터, 이곳에 살아 있는 이들로부터
꿈처럼 스며오는 지극한 사랑의 기억

2016년 『채식주의자』로 인터내셔널 부커상을 수상하고 2018년 『흰』으로 같은 상 최종 후보에 오른 한강 작가의 5년 만의 신작 장편소설 『작별하지 않는다』가 출간되었다. 2019년 겨울부터 이듬해 봄까지 계간 『문학동네』에 전반부를 연재하면서부터 큰 관심을 모았고, 그뒤 일 년여에 걸쳐 후반부를 집필하고 또 전체를 공들여 다듬는 지난한 과정을 거쳐 완성되었다. 본래 「눈 한 송이가 녹는 동안」(2015년 황순원문학상 수상작), 「작별」(2018년 김유정문학상 수상작)을 잇는 ‘눈’ 3부작의 마지막 작품으로 구상되었으나 그 자체 완결된 작품의 형태로 엮이게 된바, 한강 작가의 문학적 궤적에서 『작별하지 않는다』가 지니는 각별한 의미를 짚어볼 수 있다. 이로써 『소년이 온다』(2014), 『흰』(2016), ‘눈’ 연작(2015, 2017) 등 근작들을 통해 어둠 속에서도 한줄기 빛을 향해 나아가는 인간의 고투와 존엄을 그려온 한강 문학이 다다른 눈부신 현재를 또렷한 모습으로 확인할 수 있게 되었다. 오래지 않은 비극적 역사의 기억으로부터 길어올린, 그럼에도 인간을 끝내 인간이게 하는 간절하고 지극한 사랑의 이야기가 눈이 시리도록 선연한 이미지와 유려하고 시적인 문장에 실려 압도적인 아름다움으로 다가온다."
원피스 110 - 시대의 일렁임,"거병 해적단의 도움으로 미래섬 탈출에 빛줄기를 본 루피 일행이었으나, 오로성이 벽이 되어 막아선다! 한편, 베가펑크의 방송이 시작되고 그 내용에 세계가 요동치는데...",355678823,,해적왕이라고 불리웠던 'G 로저'가 남긴 보물 중의 보물 &lt;원피스&gt;를 둘러싸고 펼쳐지는 대해적 시대. 악마의 열매를 먹어버린 소년 루피는 미래의 해적왕을 꿈꾸며 동지를 모으기 위해 위대한 항해를 시작한다.
"2025 큰별쌤 최태성의 별★별한국사 한국사능력검정시험 심화(1, 2, 3급) 상 - 한국사능력검정시험 심화(1, 2, 3급)에 대비한 맞춤 기본서","오랜 연구와 검증으로 한국사에 기초가 전혀 없는 사람도 단기간에 한능검에 합격할 수 있는 최적의 구성을 완성하였다. 판서의 장인 큰별쌤 최태성이 핵심만을 모아 만든 아트 판서를 수록하고, 시험에 자주 등장하는 사료, 사진, 지도 등을 모아 해설하여 합격을 위한 필수 개념을 익히기 쉽게 하였다.",353981757,,"오랜 연구와 검증으로 한국사에 기초가 전혀 없는 사람도 단기간에 한능검에 합격할 수 있는 최적의 구성을 완성하였습니다. 판서의 장인 큰별쌤 최태성이 핵심만을 모아 만든 아트 판서를 수록하고, 시험에 자주 등장하는 사료, 사진, 지도 등을 모아 해설하여 합격을 위한 필수 개념을 익히기 쉽게 하였습니다. 또한, 한능검 기출문제를 모두 분석한 후, 기출 선택지를 이용한 별 채우기 문제를 수록하여 자연스럽게 기출 선택지가 기억될 수 있도록 하였고, 반복적으로 출제되는 주제의 최신 기출문제를 꼼꼼하고 친절한 해설과 함께 담아 실전에 대비할 수 있도록 하였습니다. 여기에 한국사 연표와 지역의 역사를 담은 지도를 통해 한국사 흐름잡기가 더욱 쉬울 것입니다.



제시된 이미지는 책의 뒷표지입니다.

의 앞표지는 1억원 기부를 통해 사랑의 열매 '아너 소사이어티'에 가입할 수 있도록 함께 지원해 주신 최태성 1, 2TV 별님들로 구성되었습니다."
채식주의자 (리마스터판) - 2024 노벨문학상 수상작가,2016년 인터내셔널 부커상을 수상하며 한국문학의 입지를 한단계 확장시킨 한강의 장편소설. 상처받은 영혼의 고통과 식물적 상상력의 강렬한 결합을 정교한 구성과 흡인력 있는 문체로 보여주며 섬뜩한 아름다움의 미학을 한강만의 방식으로 완성한 역작이다.,291370219,"2016년 인터내셔널 부커상을 수상하며 한국문학의 입지를 한단계 확장시킨 한강의 장편소설 『채식주의자』를 15년 만에 새로운 장정으로 선보인다. 상처받은 영혼의 고통과 식물적 상상력의 강렬한 결합을 정교한 구성과 흡인력 있는 문체로 보여주는 이 작품은 섬뜩한 아름다움의 미학을 한강만의 방식으로 완성한 역작이다. “탄탄하고 정교하며 충격적인 작품으로, 독자들의 마음에 그리고 아마도 그들의 꿈에 오래도록 머물 것이다”라는 평을 받으며 인터내셔널 부커상","인터내셔널 부커상, 산클레멘테 문학상 수상작
전세계가 주목한 한강의 역작을 다시 만나다

2016년 인터내셔널 부커상을 수상하며 한국문학의 입지를 한단계 확장시킨 한강의 장편소설 『채식주의자』를 15년 만에 새로운 장정으로 선보인다. 상처받은 영혼의 고통과 식물적 상상력의 강렬한 결합을 정교한 구성과 흡인력 있는 문체로 보여주는 이 작품은 섬뜩한 아름다움의 미학을 한강만의 방식으로 완성한 역작이다. “탄탄하고 정교하며 충격적인 작품으로, 독자들의 마음에 그리고 아마도 그들의 꿈에 오래도록 머물 것이다”라는 평을 받으며 인터내셔널 부커상을 수상했던 『채식주의자』는 “미국 문학계에 파문을 일으키면서도 독자들과 공명할 것으로 보인다”(뉴욕타임스), “놀라울 정도로 아름다운 산문과 믿을 수 없을 만큼 폭력적인 내용의 조합이 충격적이다”(가디언)라는 해외서평을 받았고 2018년에는 스페인에서 산클레멘테 문학상을 받는 등 전세계에서 뜨거운 반응을 일으켰다. 국내에서는 현재까지 100만부 가까이 판매되었다.

『채식주의자』는 어느 날부터 육식을 거부하며 가족들과 갈등을 빚기 시작하는 ‘영혜’가 중심인물로 등장하는 장편소설이다. 하지만 소설은 영혜를 둘러싼 세 인물인 남편, 형부, 언니의 시선에서 서술되며 영혜는 단 한번도 주도적인 화자의 위치를 얻지 못한다. 가족의 이름으로 자행되는 가부장의 폭력, 그리고 그 폭력에 저항하며 금식을 통해 동물성을 벗어던지고 나무가 되고자 한 영혜가 보여주는 식물적 상상력의 경지는 모든 세대 독자를 아우르며 더 크나큰 공명을 이루어낼 것이다."
팬텀 버스터즈 2 - S코믹스,"멤버를 모아,  팬텀 버스터즈로서 제령 활동을 시작한 모가리와 친구들. 인지도를 높이기 위한 홍보 활동을 하던 중, 냉철한 현실주의자로 알려진 이치미야 학생회장에게 찍히고(?) 말았다! 게다가 시시쿠노 영산에서는 모가리 암살이라는 사명을 받은 자객이 파견되는데?!",355241937,"멤버를 모아, 팬텀 버스터즈로서 제령 활동을 시작한 모가리와 친구들. 인지도를 높이기 위한 홍보 활동을 하던 중, 냉철한 현실주의자로 알려진 이치미야 학생회장에게 찍히고(?) 말았다! 게다가 시시쿠노 영산에서는 모가리 암살이라는 사명을 받은 자객이 파견되는데--?!  4명의 남고생들이 펼치는 우당탕탕 제령×청춘 코미디!","SNS에서도 화제만발!
본격적으로 활동을 시작한 팬버스의
앞을 가로막는 자객과 시련!!!

멤버를 모아,  팬텀 버스터즈로서
제령 활동을 시작한 모가리와 친구들. 
인지도를 높이기 위한 홍보 활동을 하던 중, 
냉철한 현실주의자로 알려진 
이치미야 학생회장에게 찍히고(?) 말았다!
게다가 시시쿠노 영산에서는 모가리 암살이라는
사명을 받은 자객이 파견되는데--?!

4명의 남고생들이 펼치는
우당탕탕 제령×청춘 코미디!"
"2025 큰별쌤 최태성의 별★별한국사 한국사능력검정시험 심화(1, 2, 3급) 하 - 한국사능력검정시험 심화(1, 2, 3급)에 대비한 맞춤 기본서","오랜 연구와 검증으로 한국사에 기초가 전혀 없는 사람도 단기간에 한능검에 합격할 수 있는 최적의 구성을 완성하였다. 판서의 장인 큰별쌤 최태성이 핵심만을 모아 만든 아트 판서를 수록하고, 시험에 자주 등장하는 사료, 사진, 지도 등을 모아 해설하여 합격을 위한 필수 개념을 익히기 쉽게 하였다.",353981994,,"&lt;2025 큰별쌤 최태성의 별별한국사 한국사능력검정시험 심화 하&gt;



오랜 연구와 검증으로 한국사에 기초가 전혀 없는 사람도 단기간에 한능검에 합격할 수 있는 최적의 구성을 완성하였습니다. 판서의 장인 큰별쌤 최태성이 핵심만을 모아 만든 아트 판서를 수록하고, 시험에 자주 등장하는 사료, 사진, 지도 등을 모아 해설하여 합격을 위한 필수 개념을 익히기 쉽게 하였습니다. 또한, 한능검 기출문제를 모두 분석한 후, 기출 선택지를 이용한 별 채우기 문제를 수록하여 자연스럽게 기출 선택지가 기억될 수 있도록 하였고, 반복적으로 출제되는 주제의 최신 기출문제를 꼼꼼하고 친절한 해설과 함께 담아 실전에 대비할 수 있도록 하였습니다. 여기에 한국사 연표와 지역의 역사를 담은 지도를 통해 한국사 흐름잡기가 더욱 쉬울 것입니다.



제시된 이미지는 책의 뒷표지입니다.

&lt;2025 큰별쌤 최태성의 별별한국사 한국사능력검정시험 심화(1,2,3급) 하&gt;의 앞표지는 1억원 기부를 통해 사랑의 열매 '아너 소사이어티'에 가입할 수 있도록 함께 지원해 주신 최태성 1, 2TV 별님들로 구성되었습니다."
괴수 8호 14 (아크릴 블록 한정판) -  트리플 특장판 + 호시나 소우시로 아크릴 블록 + 일러스트 멀티 클리너 + 방위대 대원증 8종 세트 (플라스틱 재질),"신세대들의 분투로 아시로 미나를 구출해 낸 카프카. 그는 괴수 9호와의 전투에 대비해 방위대식 격투술을 한층 승화시켰다. 하지만, 그 격투술을 숙지하고 있는 시노미야 이사오를 흡수한 괴수 9호에게 과연 통할 것인가.",355859108,"■ 줄거리  신세대들의 분투로 아시로 미나를 구출해 낸 카프카. 그는 괴수 9호와의 전투에 대비해 방위대식 격투술을 한층 승화시켰다. 하지만, 그 격투술을 숙지하고 있는 시노미야 이사오를 흡수한 괴수 9호에게 과연 통할 것인가?!",신세대들의 분투로 아시로 미나를 구출해 낸 카프카. 그는 괴수 9호와의 전투에 대비해 방위대식 격투술을 한층 승화시켰다.
이처럼 사소한 것들,2023년 4월 국내에 처음 소개된 『맡겨진 소녀』로 국내 문인들과 문학 독자들의 열렬한 환호를 받은 클레어 키건의 대표작. 자신이 속한 사회 공동체의 은밀한 공모를 발견하고 자칫 모든 걸 잃을 수 있는 선택 앞에서 고뇌하는 한 남자의 내면을 그린 작품이다.,329386807,"* 문학평론가 신형철, 르포작가 은유 추천 * 2022 오웰상 소설 부문 수상 * 킬리언 머피 주연·제작 영화화  2023년 4월 국내에 처음 소개된 『맡겨진 소녀』로 국내 문인들과 문학 독자들의 열렬한 환호를 받은 클레어 키건의 대표작 『이처럼 사소한 것들』이 다산책방에서 번역 출간되었다. 작가가 전작 『맡겨진 소녀』 이후 11년 만에 세상에 내놓은 소설로, 자국에서는 이미 오래전부터 거장의 반열에 오른 키건에게 미국을 넘어 세계적인 명성을 안겨","한 세대에 한 명씩만 나오는 작가, 클레어 키건의 대표작!

* 문학평론가 신형철, 르포작가 은유 추천
* 2022 오웰상 소설 부문 수상	
* 킬리언 머피 주연·제작 영화화

2023년 4월 국내에 처음 소개된 『맡겨진 소녀』로 국내 문인들과 문학 독자들의 열렬한 환호를 받은 클레어 키건의 대표작 『이처럼 사소한 것들』이 다산책방에서 번역 출간되었다. 작가가 전작 『맡겨진 소녀』 이후 11년 만에 세상에 내놓은 소설로, 자국에서는 이미 오래전부터 거장의 반열에 오른 키건에게 미국을 넘어 세계적인 명성을 안겨준 작품이다. 2022년 부커상 최종후보에 오르고, 같은 해 오웰상(소설 부문), 케리그룹 문학상 등 유수의 문학상을 휩쓸었으며, 특히 부커상 심사위원회는 “아름답고 명료하며 실리적인 소설”이라는 평을 보내며 이 소설이 키건의 정수가 담긴 작품임을 알렸다. 전 세계 독자들의 사랑과 언론의 호평을 받으며 베스트셀러에 오른 이 책은, 자신이 속한 사회 공동체의 은밀한 공모를 발견하고 자칫 모든 걸 잃을 수 있는 선택 앞에서 고뇌하는 한 남자의 내면을 그린 작품이다. 키건 특유의 섬세한 관찰과 정교한 문체로 한 인간의 도덕적 동요와 내적 갈등, 실존적 고민을 치밀하게 담아냈다. 저자의 열렬한 팬으로 유명한 아일랜드 출신의 배우 킬리언 머피는 직접 제작과 주연을 맡아 이 소설을 영화로 만들고 있으며 현재 모든 촬영을 마친 상태이다."
카구라바치 3 (더블특전판) - 초판한정 일러스트 시네마 티켓 + 선착순한정 일러스트 홀로그램 카드,"어둠의 옥션 라쿠자이치는 출품자, 주최자, 참가자 할 것 없이 쓰레기들뿐! 경매에 목숨을 건 자들이 줄줄이 막아서지만, 복수를 맹세한 치히로 앞에 망설임이란 없다. 전원 처형! 한 명도 남김없으 저승행!",355678897,,
ETS 토익 정기시험 기출문제집 1000 Vol. 4 Reading (리딩) - 토익 기출문제 독점출간/ ALL NEW 최신기출 10회 수록/ 문제집+해설집+무료 동영상 강의+기출어휘 단어장(PDF)+APP 모바일 학습,정기시험 최신 기출문제 10세트가 수록되어 있다. 시험에 나온 최신 기출문제로 실전 감각을 키워 시험에 확실하게 대비할 수 있다. 교재 내 QR코드는 해당 회차의 무료 동영상 강의로 연결된다. 오답률 높은 고난도 문항을 친절한 해설 강의와 함께 수록하였다.,330109498,1. 실제 기출문제 전격 공개! 이 책에는 정기시험 최신 기출문제 10세트가 수록되어 있다. 시험에 나온 최신 기출문제로 실전 감각을 키워 시험에 확실하게 대비하자!  2. 고난도 문항 무료 동영상 강의! 교재 내 QR코드는 해당 회차의 무료 동영상 강의로 연결된다. 오답률 높은 고난도 문항을 친절한 해설 강의와 함께 완벽 마스터하자!  3. 기출 포인트를 꿰뚫는 해설! 최신 출제경향을 가장 정확하게 알 수 있는 기출문제를 풀고 출제 포인트가 보이는,"출제기관 ETS 토익 정기시험 기출문제 10회 최신판 Vol.4 독점공개!
시험에 출제된 기출문제 그대로, 빠르고 확실하게 대비하라!

1. 실제 기출문제 전격 공개!
이 책에는 정기시험 최신 기출문제 10세트가 수록되어 있다. 시험에 나온 최신 기출문제로 실전 감각을 키워 시험에 확실하게 대비하자!

2. 고난도 문항 무료 동영상 강의!
교재 내 QR코드는 해당 회차의 무료 동영상 강의로 연결된다. 오답률 높은 고난도 문항을 친절한 해설 강의와 함께 완벽 마스터하자!

3. 기출 포인트를 꿰뚫는 해설! 
최신 출제경향을 가장 정확하게 알 수 있는 기출문제를 풀고 출제 포인트가 보이는 명쾌한 해설로 토익을 정복해 보자!

4 ETS가 제공하는 표준 점수환산표
출제기관 ETS의 최신 표준 점수환산표를 제공한다. 채점한 뒤 환산표를 통해 자신의 진짜 실력을 가늠해 보고 앞으로의 학습 방향을 설정해 보자!

5. ETS 토익 온라인/모바일 학습 지원!
온라인 학습 커뮤니티(www.etstoeicbook.co.kr)를 통해 교재 소개 및 학습 콘텐츠, 정기시험 대비특강을 지원한다. 또한 동영상 강의, 기출어휘 단어장, 기출테스트 채점/분석 등을 지원하는 토익 필수템 'ETS 토익기출 수험서 어플'로 보다 스마트하게 학습해 보자!"
유물멍 : 가만히 바라볼수록 좋은 것들,"박물관 유리창 너머로 마주한 소중한 이야기를 담았다. 국립중앙박물관 10만 구독자 웹진 「아침 행복이 똑똑」에서 큰 호응과 관심을 받은 100가지 유물을 정성껏 골라, 어떤 페이지를 펼쳐 어디에 놓아도 풍경이 되게끔 사진 한 컷 한 컷을 배치했다.",353678709,"박물관은 참 신기한 장소입니다. ‘여기 좀 봐!’ 하지도 않는데 나도 모르게 넋을 잃게 되는 것들이 가득하니까요. 살며시 미소를 보내는 원앙 청자, 둥실한 보름달을 닮은 달항아리, 밤하늘처럼 반짝이는 자개함을 마주하면 그 무해함에 마음이 스르르 녹아내리지요. 고개를 숙여 울음을 삼키는 ‘신라의 피에타’ 토우를 보면, 그 슬픔을 나누고 싶어집니다.  《유물멍: 가만히 바라볼수록 참 좋은 것들》은 국립중앙박물관 10만 구독 뉴스레터 〈아침 행복이 똑똑","큐레이터와 관람객이 함께 쓴 최애 유물 이야기 100
국립중앙박물관이 선택한 아름다움을 만나다!

박물관은 참 신기한 장소입니다. ‘여기 좀 봐!’ 하지도 않는데 나도 모르게 넋을 잃게 되는 것들이 가득하니까요. 살며시 미소를 보내는 원앙 청자, 둥실한 보름달을 닮은 달항아리, 밤하늘처럼 반짝이는 자개함을 마주하면 그 무해함에 마음이 스르르 녹아내리지요. 고개를 숙여 울음을 삼키는 ‘신라의 피에타’ 토우를 보면, 그 슬픔을 나누고 싶어집니다. 
 《유물멍: 가만히 바라볼수록 참 좋은 것들》은 국립중앙박물관 10만 구독 뉴스레터 〈아침 행복이 똑똑〉에서 시작되었습니다. 오래된 것 안에서 휴식을 찾는 사람들의 이야기를 모아 책으로 펴냈습니다. 유리창 속 역사의 조각들을 바라보며 그들은 어떤 생각을 했을까요? 마음에 담은 ‘최애’는 무엇일까요? 
  추운 겨울 풀빵을 닮은 연꽃무늬 수막새부터 시원한 여름 연못을 닮은 청자까지, 그들이 뽑은 유물 속 이야기에는 추억과 꿈, 그리움과 사랑이 있습니다. 그 고유한 시선을 담을 수 있도록 사진 한 컷 한 컷을 정성껏 배치하고, 색색별로 엮고, 어디서든 편하게 놓고 감상하도록 펼침 제본했습니다. 읽는 재미를 더하도록 솔직함이 묻어나는 아이들의 그림을 더하고 학예사들만 아는 박물관 뒷이야기도 풀어놓았습니다. 
아름다움 속에 머물고 싶은 분들, 지금 내게 좋은 것들과 함께하는 시간이 필요한 분들에게《유물멍》을 추천합니다. 예쁘고, 귀엽고, 사랑스러운 유물들 속에서 똑똑, 마음을 건드리는 나만의 최애를 만나보세요."
행동하지 않으면 인생은 바뀌지 않는다 - 위대한 변화를 이끌어내는 아주 작은 실행의 힘,"어제보다 1% 더 나아진 행동이 무기력을 쾌감으로 바꾸고 잠자던 성장 본능을 깨우며 마침내 당신을 성공으로 이끈다. 당신의 출신과 환경은 중요하지 않다. 오직 행동만이 당신을 원하는 곳으로 데려갈 것이다. 이 책에는 목표 시각화부터 시간의 마법 같은 활용법까지, 저자가 평생 연구하고 증명한 성공 전략이 빼곡히 담겨 있다.",352215734,"당신은 오늘도 ‘갓생’을 외치지만 3일을 버티지 못한다. 매일 밤 동기부여 영상을 보며 감동하지만 아침이면 무너진다. 수많은 자기계발서를 읽었지만 인생은 제자리걸음이다.  왜일까? 40년간 워런 버핏, 앤디 그로브와 같은 세계적 대가를 해부해온 브라이언 트레이시가 마침내 진실을 공개한다. 성공한 사람들은 결코 동기부여에 의존하지 않는다는 것. 그들에겐 단 하나의 공통점이 있었다. 바로 ‘아주 작은 행동의 누적’이다. 어제보다 1% 더 나아진 행동","시급 300원 잡초 제거 알바에서 회당 8억 원을 받는 전설이 되기까지 
브라이언 트레이시가 몸소 증명해낸 단 하나의 성공 메커니즘

당신은 오늘도 ‘갓생’을 외치지만 3일을 버티지 못한다. 
매일 밤 동기부여 영상을 보며 감동하지만 아침이면 무너진다. 
수많은 자기계발서를 읽었지만 인생은 제자리걸음이다. 

왜일까? 
40년간 워런 버핏, 앤디 그로브와 같은 세계적 대가를 해부해온 브라이언 트레이시가 마침내 진실을 공개한다. 성공한 사람들은 결코 동기부여에 의존하지 않는다는 것. 그들에겐 단 하나의 공통점이 있었다. 바로 ‘아주 작은 행동의 누적’이다.
어제보다 1% 더 나아진 행동이 무기력을 쾌감으로 바꾸고 잠자던 성장 본능을 깨우며 마침내 당신을 성공으로 이끈다. 당신의 출신과 환경은 중요하지 않다. 오직 행동만이 당신을 원하는 곳으로 데려갈 것이다. 
이 책에는 목표 시각화부터 시간의 마법 같은 활용법까지, 저자가 평생 연구하고 증명한 성공 전략이 빼곡히 담겨 있다. 특히 각 장 마지막의 「실행 프로젝트」는 당신의 잠재력을 폭발시키는 방아쇠가 될 것이다."
ETS 토익 정기시험 기출문제집 1000 Vol. 4 Listening (리스닝) - 토익 기출문제 독점출간/ ALL NEW 최신기출 10회 수록/ 문제집+해설집+무료 정기시험 성우 MP3+무료 동영상 강의+기출어휘 단어장(PDF)+APP 모바일 학습,"정기시험 최신 기출문제 10세트가 수록되어 있다. 시험에 나온 기출문제로 실전 감각을 키워 시험에 확실하게 대비하자! 수록된 10세트의 LC 음원은 모두 정기시험 성우의 음원이다. 시험장에서 듣게 될 음성으로 공부하면 까다로운 영국식, 호주식 발음도 걱정 없다.",330109271,"1. 실제 기출문제 전격 공개! 이 책에는 정기시험 최신 기출문제 10세트가 수록되어 있다. 시험에 나온 기출문제로 실전 감각을 키워 시험에 확실하게 대비하자!  2. 실제 정기시험 성우 음성으로 실전 대비! 이 책에 수록된 10세트의 LC 음원은 모두 정기시험 성우의 음원이다. 시험장에서 듣게 될 음성으로 공부하면 까다로운 영국식, 호주식 발음도 걱정 없다. 또한 강도 높은 학습을 위해 고속 버전과 소음 버전을 추가로 제공하며, YBM북스닷컴","출제기관 ETS 토익 정기시험 기출문제 10회 최신판 Vol.4 독점공개!
시험에 출제된 기출문제와 정기시험 성우 음성 그대로, 빠르고 확실하게 대비하라!

1. 실제 기출문제 전격 공개!
이 책에는 정기시험 최신 기출문제 10세트가 수록되어 있다. 시험에 나온 기출문제로 실전 감각을 키워 시험에 확실하게 대비하자!

2. 실제 정기시험 성우 음성으로 실전 대비!
이 책에 수록된 10세트의 LC 음원은 모두 정기시험 성우의 음원이다. 시험장에서 듣게 될 음성으로 공부하면 까다로운 영국식, 호주식 발음도 걱정 없다. 또한 강도 높은 학습을 위해 고속 버전과 소음 버전을 추가로 제공하며, YBM북스닷컴 출판 홈페이지 www.ybmbooks.com에서 무료로 다운로드 가능하다.

3 고난도 문항 무료 동영상 강의!
교재 내 QR코드는 해당 회차의 무료 동영상 강의로 연결된다. 오답률 높은 고난도 문항을 친절한 해설 강의와 함께 완벽 마스터하자!

4. 정확한 스크립트와 기출 포인트를 꿰뚫는 해설! 
최신 출제경향을 가장 정확하게 알 수 있는 기출문제를 풀고 정확한 스크립트와 출제 포인트가 보이는 명쾌한 해설로 토익을 정복해 보자!

5. ETS가 제공하는 표준 점수환산표
출제기관 ETS의 최신 표준 점수환산표를 제공한다. 채점한 뒤 환산표를 통해 자신의 진짜 실력을 가늠해 보고 앞으로의 학습 방향을 설정해 보자!

6. ETS 토익 온라인/모바일 학습 지원!
온라인 학습 커뮤니티(www.etstoeicbook.co.kr)를 통해 교재 소개 및 학습 콘텐츠, 정기시험 대비특강을 지원한다. 또한 MP3 및 동영상 강의, 기출어휘 단어장, 기출테스트 채점/분석 등을 지원하는 토익 필수템 'ETS 토익기출 수험서 어플'로 보다 스마트하게 학습해 보자!"
지적 대화를 위한 넓고 얕은 지식 무한 - 지식과 지혜를 실천으로 이끄는 마음 여행서,지난 10년간 단 한 번도 베스트셀러에서 내려온 적이 없는 우리 시대 교양서 《지적 대화를 위한 넓고 얕은 지식》으로 대표적인 인문학 작가로 자리매김한 채사장이 5년 만에 다시 시리즈의 신작으로 돌아왔다.,353017075,"지금까지의 앎을 삶에 뿌리내리게 하는 가장 최후의 교양 이 책은 진정한 행복, 진정한 삶의 이해로 나아가게 한다!  지난 10년간 단 한 번도 베스트셀러에서 내려온 적이 없는 우리 시대 교양서 《지적 대화를 위한 넓고 얕은 지식》으로 대표적인 인문학 작가로 자리매김한 채사장이 5년 만에 다시 시리즈의 신작으로 돌아왔다. 작가는 전작 1, 2권에 이어 3권이 아니라 0권 〈제로〉 편을 출간하며 전례 없는 시리즈 구성을 보임과 동시에, 0이라는 숫자","인문학의 신화 《지대넓얕》 시리즈 5년 만의 신작
그리고 10년 만의 완결  
∞(무한): 지식의 끝에서, 구부러져 되돌아오다

지금까지의 앎을 삶에 뿌리내리게 하는 가장 최후의 교양
이 책은 진정한 행복, 진정한 삶의 이해로 나아가게 한다!
 
지난 10년간 단 한 번도 베스트셀러에서 내려온 적이 없는 우리 시대 교양서 《지적 대화를 위한 넓고 얕은 지식》으로 대표적인 인문학 작가로 자리매김한 채사장이 5년 만에 다시 시리즈의 신작으로 돌아왔다. 작가는 전작 1, 2권에 이어 3권이 아니라 0권 〈제로〉 편을 출간하며 전례 없는 시리즈 구성을 보임과 동시에, 0이라는 숫자로 인류의 방대한 지성사를 연결하며 깊은 지식까지 아울렀다. 그리고 이제 5년 만의 신작 ∞권 〈무한〉 편은 깊은 지식으로 잠영했다 삶으로 돌아오게 하는 ‘실천’의 영역을 다루며, 10년간 인문 분야에 큰 반향을 일으킨 시리즈의 정점을 찍는다. 
그 어떤 시대보다도 수많은 지식을 갖고 있지만 우리는 왜 알면 알수록 채워지지 않을까? 작가는 이 문제에 오랜 시간 천착한 끝에, 지식이 삶에 뿌리내리지 못하는 이유가 실천하지 못해서라는 사실을 깨달았다. 여기서 실천이란 바로 나와 세계의 실체를 알고 삶을 바라보는 태도를 코페르니쿠스적으로 바꾸는 것이다. 그간 지식의 모든 분야를 종횡무진하며 자신만의 연결고리로 인문학의 대축적지도를 그려낸 작가는 어느덧 지식과 지혜를 넘어 삶이라는 영원한 숙제를 풀어내고 있다. 독자들은 이 책을 통해 우리가 놓치고 있는 지식이 무엇인지 강렬하게 깨달음으로써 요원할 것만 같던 좋은 사람이 되는 법, 진정한 행복에 이르는 법, 고요하고 평온하게 삶을 살아가는 법을 배우게 될 것이다. 

 
10년간 베스트셀러 작가 채사장 《지대넓얕》에 마침표를 찍다
시리즈를 완결하는 거대한 정점, 이번엔 ∞(무한)이다!
  
우리가 놓치고 있는 절반의 영역을 다루다
인류가 좀처럼 다루지 않는 ‘지식의 실천’이란 무엇인가?
이제껏 다루어지지 못한 앎에 대한 과감한 도전, 역사적 서술
  
지난 10년간 《지적 대화를 위한 넓고 얕은 지식》은 명실공히 인문 교양 분야 최고의 베스트셀러였다. 하나의 대명사가 된 ‘지대넓얕’ 시리즈는 어렵고 방대한 인문학 분야에 큰 지도를 그려주었다. 그러나 10년이라는 시간 동안 지식의 양은 기하급수적으로 늘어났다. 지식이 적체된 시대, 지도마저도 하나의 정보처럼 피로해지는 이런 시대에 책은 과연 무슨 일을 할 수 있을까? 왜 인간은 지식을 채워도 행복해지지 않는 걸까? 작가 채사장은 우리가 그것을 소화하지 못해서임을 깨달았다. 우리가 놓치고 있는 것이 있어서임을. 그렇게 작가는 새로운 질문을 품었다. 과연 어떤 앎이 인간을 도울 수 있을까?
10년 만에 완결하는 이번 책 〈무한〉 편에서 작가는 오랜 탐구 끝에 길어 올린 해답을 내놓는다. 바로 인류가 좀처럼 다루지 못하는 거대한 절반의 영역, ‘실천’에 대한 것이다. 실천은 머리가 아니라 몸, 사유가 아니라 행동이다. 지식을 체험하는 것이다. 삶에 뿌리내리게 하는 것이다. 《지대넓얕》 시리즈의 1, 2권과 0권이 지식에 대해 다루었다면, ∞권은 나머지 절반의 영역인 실천에 대해 다룬다. 실천은 나와 세계의 실체를 알기 위해서 내면으로 나아가는 것이며, 나를 기준으로 세계를 바라보는 태도를 완전히 뒤바꾸는 것이다. 그것은 모든 것을 다르게 보이게 한다는 점에서 가히 코페르니쿠스적이다.
  
지식의 끝에서, 구부러져 되돌아온다는 것
어떻게 하면 지식을 끌어안고 삶으로 돌아올 수 있을까?
나와 세계의 실체를 알기 위한 7단계, 진정한 자기계발의 과정
 
그렇다면 나와 세계의 실체를 안다는 것은 무엇인가? 작가 채사장은 이에 대한 답으로 나아가기 위해 일곱 가지 단계를 제시한다. 그것은 발심, 정비, 정진, 견성, 출세, 조망, 전진이다. 이 단계는 현실로부터 멀어지며 깊은 심연으로 들어갔다가 다시 현실로 나오는 구조로 되어 있다. 먼저 마음을 내어 세계를 의심하고, 내 주변의 세계를 정비하며, 매력과 혐오라는 심리적 기제를 이해함으로써 내면을 정리한다. 그러면 이 책의 핵심인, 내면의 가장 깊은 곳까지 다다라 새로운 지식을 체험하게 된다. 작가는 우리가 한 번도 가닿지 못했던 세계를 펼쳐낸다. 그가 인간을 나누는 새로운 기준을 제시한다면, 바로 이 견성의 단계를 이해한 자와 이해하지 못한 자일 것이다. 이곳에서 나와 세계의 실체가 비로소 드러나기 때문이다. 또한 이 실체를 이해하면 그때부터는 삶이 다르게 보이기 때문이다. 이제 작가는 바닥을 차고 삶으로 서서히 올라온다. 세상으로 나와 세상과 적절한 거리를 두며 살아갈 수 있도록, 넓어진 시야로 삶을 조망할 수 있도록 안내하고, 마지막으로는 좋은 사람이 되는 법에 대한 작가만의 깊은 해석을 풀어낸다. 이러한 과정에서 독자는 책이 어떻게 나를 달라지게 함으로써 진정한 자기계발이 되는지 절감할 수 있다.
독자는 일곱 단계를 통해 한계가 없는 앎으로까지 나아간다. 그리고 그 끝에서 구부러져, 전과는 다른 시선을 지닌 채 다시 삶으로 되돌아온다. 지식은 삶에 뿌리내려야 비로소 그 의미를 가지며, 삶에 뿌리내린 지식은 지혜가 되어 다시 새로운 지식의 토대가 되는 무한한 이어짐. 이것이 무한의 의미다. 《지대넓얕》 시리즈는 0에서 출발하여 ∞으로 돌아오는 기나긴 과정을 통해 인류가 경험할 수 있는 모든 지식과 실천의 두 가지 축을 세워줄 것이다. 
 
 
인문학 대축적지도로 새로운 신화 쓴 작가 채사장, 
10년간의 지적 대장정
사자, 코끼리, 혹등고래와 함께 여행한 《지대넓얕》 시리즈의 의미

2014년 12월 혜성같이 등장한 책 《지적 대화를 위한 넓고 얕은 지식》 그리고 작가 채사장은 인문학 분야를 뒤흔들어놓았다. 현실 세계와 현실 너머를 이원론의 틀로 연결하는 독보적인 전개는 독자들의 감탄을 자아냈고 무수한 마니아층을 형성했다.
세렝게티의 사자가 말을 할 수 있다면 우리는 그 말을 이해할 수 있을까? 1권과 2권의 시작에서 작가는 진정한 대화란 무엇인지 우리에게 질문한다. 그리고 지적 대화를 위해서 필요한 건 언어가 아니라 공통분모이며, 그 공통분모가 바로 인문학이라고 답한다. 이어서 작가는 “인문학은 단적으로 말해서 ‘넓고 얕은 지식’을 의미한다”고 선언한다. 그동안 인문학에 씌워져 있던 무게의 굴레를 벗겨내는 이 과감한 선언이야말로 《지대넓얕》  시리즈의 신화를 알리는 신호탄이었다.

5년 후 《지적 대화를 위한 넓고 얕은 지식》 은 3권이 아니라 0권으로 출간되면서 전례 없는 시리즈 구성을 선보였다. 이원론의 세계 이전 일원론의 시대를 하나의 틀로 꿰뚫는 이 〈제로〉 편을 통해 작가는 더 깊은 지식까지 나아가며 경계를 확장했다.
여기서 작가는 또 한 번 질문을 던진다. 코끼리의 영혼을 파괴하는 파잔 의식을 보라, 당신은 매 맞는 코끼리인가, 아니면 몽둥이를 든 자인가? 이 아픈 물음을 통해 그는 우리가 오래된 고전을 만나야만 하는 이유로 “위대한 스승을 만나기 위해”라는 해답을 제시한다. 이 스승들이 전하는 거대 사상으로 지식 이전의 선(先)지식을 선취하라는 것. 〈제로〉 편은 《지대넓얕》 시리즈가 모든 지식을 아우를 수 있는 방점이 되게 했다.
 
2024년 12월, 작가는 이제 《지적 대화를 위한 넓고 얕은 지식》 의 네 번째 책으로 ‘∞’이라는 편제를 선택해 또 다른 행보를 시작한다. 〈무한〉 편은 지식의 영역 외에 우리 시대가 다루지 못하는 절반의 영역, ‘실천’을 말함으로써 지식과 실천이라는 두 개의 축을 완성해낸다. 
마지막 질문은 이것이다. 혹등고래가 사는 깊고 어두운 심해, 그들의 이야기를 알려면 우리는 어떻게 해야 하는가? 그 방법은 “혹등고래가 되는 것뿐”이라고 말하는 작가의 답에 아연해질 것이다. 하지만 작가는 우리를 깊고 어두운 심연으로 데려가, 우리가 지금껏 보지 못했던 놀라운 세계를 펼쳐준다. 그곳에서 우리는 혹등고래도 되고 돌멩이도 되고 신도 된다. 아무것도 아닌 것이 되고 종국에는 다시 내가 된다. 이것이 어떻게 가능한가. 작가가 오랫동안 천착해온 문제, 바로 내면의 세계를 이해하게 함으로써, 〈무한〉 편은 우리가 삶을 바라보는 태도를 뒤바꾸어놓는다.
 
작가 채사장은 기실 〈무한〉 편이 말하는 내면의 세계를 말하기 위해 멀고 먼 길을 돌아왔다. 인간이 아무리 애써도 다다르기 쉽지 않은 내면에 무엇이 있는가? 그것을 아는 것이 삶에 어떤 도움이 되는가? 우리는 어떤 사람으로, 어떻게 살아야 하는가? 〈무한〉은 이 모든 질문에 대한 하나의 거대한 답을 던진다.
현실이라는 얕은 지식으로부터 출발해 그것과 나의 관계라는 깊은 지혜로, 그리고 마침내 나라는 무한한 앎으로 이어진 이 10년간의 지적 대장정에 작가는 이제 마침표를 찍는다. 그는 말한다. 
“사자와 코끼리와 혹등고래와 함께한 이 여행이 만족스러웠기를 바란다. 이제 당신만의 여행을 떠날 차례다. 새로운 지혜와 깊은 실천을 향한 아름다운 항해가 시작되길. 그 길에 이 대축적지도가 도움이 되기를 바란다.” 《지대넓얕》 시리즈가 삶이라는 여행에 든든한 동반자가 되리라 믿는다."
"2025 큰별쌤 최태성의 별★별한국사 기출 500제 한국사능력검정시험 심화 (1, 2, 3급) - 2025 시험 대비, 72~63회 수록","2024년 72회 시험부터 2023년 63회 시험까지 최신 기출문제 10회분, 총 500문항으로 구성되었다. '기출 BOOK'은 실제 시험지를 그대로 구현하여 실전과 같은 문제풀이가 가능하며, '해설 BOOK'은 모든 선택지의 자세한 해설뿐만 아니라 기출 선택지와 핵심 내용도 수록하였다.",354080547,"〈2025 큰별쌤 최태성의 별별한국사 기출 500제 한국사능력검정시험 심화(1,2,3급)〉는 2024년 72회 시험부터 2023년 63회 시험까지 최신 기출문제 10회분, 총 500문항으로 구성되었습니다. '기출 BOOK'은 실제 시험지를 그대로 구현하여 실전과 같은 문제풀이가 가능하며, '해설 BOOK'은 모든 선택지의 자세한 해설뿐만 아니라 기출 선택지와 핵심 내용도 수록하여 중요 개념을 반복적으로 학습할 수 있어 한 권으로 기출문제 풀이뿐만","〈2025 큰별쌤 최태성의 별별한국사 기출 500제 한국사능력검정시험 심화(1,2,3급)〉는 2024년 72회 시험부터 2023년 63회 시험까지 최신 기출문제 10회분, 총 500문항으로 구성되었습니다. '기출 BOOK'은 실제 시험지를 그대로 구현하여 실전과 같은 문제풀이가 가능하며, '해설 BOOK'은 모든 선택지의 자세한 해설뿐만 아니라 기출 선택지와 핵심 내용도 수록하여 중요 개념을 반복적으로 학습할 수 있어 한 권으로 기출문제 풀이뿐만 아니라 개념까지 다질 수 있습니다.

▣ 제시된 이미지는 책의 뒷표지입니다. 
〈2025 큰별쌤 최태성의 별별한국사 기출 500제 한국사능력검정시험 심화(1,2,3급)〉의 앞표지는 사랑의 열매 기부에 함께 해주신 최태성 1, 2TV 별님들로 구성하였습니다."
"괴수 8호 14 (트리플 특장판) - 아오이 일러스트 카드, 일러스트 포토 카드(초판한정) + 호시나 소우시로 일러스트 카드(수량한정)","신세대들의 분투로 아시로 미나를 구출해 낸 카프카. 그는 괴수 9호와의 전투에 대비해 방위대식 격투술을 한층 승화시켰다. 하지만, 그 격투술을 숙지하고 있는 시노미야 이사오를 흡수한 괴수 9호에게 과연 통할 것인가.",355859194,"■ 줄거리  신세대들의 분투로 아시로 미나를 구출해 낸 카프카. 그는 괴수 9호와의 전투에 대비해 방위대식 격투술을 한층 승화시켰다. 하지만, 그 격투술을 숙지하고 있는 시노미야 이사오를 흡수한 괴수 9호에게 과연 통할 것인가?!",신세대들의 분투로 아시로 미나를 구출해 낸 카프카. 그는 괴수 9호와의 전투에 대비해 방위대식 격투술을 한층 승화시켰다.
기록이라는 세계,"17만 기록친구들에게 기록의 즐거움과 손글씨의 매력을 전하고 있는 리니의 첫 기록 자기계발서다. 《기록이라는 세계》에서는 한 줄로 시작하는 날것의 일기, 찰나의 순간을 간직하는 포토로그, 좋은 문장을 수집하는 필사, 꿈을 현실로 만드는 미래 일기 등 삶을 다채롭게 만들어줄 25가지 기록법을 전한다.",354574580,"17만 기록친구들에게 기록의 즐거움과 손글씨의 매력을 전하고 있는 리니의 첫 기록 자기계발서다. 《기록이라는 세계》에서는 한 줄로 시작하는 날것의 일기, 찰나의 순간을 간직하는 포토로그, 좋은 문장을 수집하는 필사, 꿈을 현실로 만드는 미래 일기 등 삶을 다채롭게 만들어줄 25가지 기록법을 전한다. 저자는 기록이란 단순히 쓰는 행위를 넘어 단조로웠던 한 개인의 세계를 커다랗게 넓혀주는 역할을 한다고 말한다. 기록을 통해 무심히 흘러가던 하루를 알아채고","“일상을 기록할수록 나라는 세계는 넓어진다.”
나도 잘 몰랐던 나를 발견하고 단조로웠던 삶을 변화시키는 기록 습관

★17만 구독자가 열광한 ‘기록친구 리니’ 첫 기록 책
★리니가 애정하는 기록 도구와 직접 쓴 손글씨 수록!

17만 기록친구들에게 기록의 즐거움과 손글씨의 매력을 전하고 있는 리니의 첫 기록 자기계발서다. 《기록이라는 세계》에서는 한 줄로 시작하는 날것의 일기, 찰나의 순간을 간직하는 포토로그, 좋은 문장을 수집하는 필사, 꿈을 현실로 만드는 미래 일기 등 삶을 다채롭게 만들어줄 25가지 기록법을 전한다.
저자는 기록이란 단순히 쓰는 행위를 넘어 단조로웠던 한 개인의 세계를 커다랗게 넓혀주는 역할을 한다고 말한다. 기록을 통해 무심히 흘러가던 하루를 알아채고, 낯선 타인의 삶을 이해하며, 내면을 파고들어 진정한 나를 찾을 수 있기 때문이다. ‘기록을 어떻게 시작하면 좋을지’ 동기부여와 함께 기록하는 습관, 그리고 좀 더 넓고 깊어진 삶을 선사하는 책이다."
어른의 행복은 조용하다,요란한 세상에서도 흔들리지 않고 내 삶을 사는 현명한 행복에 관하여. 행복을 찾는 방법이 아니라 불행에 대한 수비력을 길러주는 58가지 인생 이야기를 담은 책이다.,350636272,"《1cm 다이빙》, 《홈 in 홈》으로 많은 사랑을 받았던 에세이스트 태수가 2년 만의 신작 《어른의 행복은 조용하다》로 돌아왔다. 이번 신작에서 저자 태수는 그동안 선보였던 이야기보다 한층 성숙하고 현명하게 삶의 행복에 가까워지는 방법에 대해 이야기한다. 새로운 것, 짜릿한 것, 남들보다 높은 곳에서 행복하고 싶어 발버둥치는 사람들에게 행복은 꼭 그런 데에만 있는 게 아니라 불행해지지 않는 것에서부터 출발한다고 조용히 알려준다. 《어른의 행복","요란한 세상에서도 흔들리지 않고 
내 삶을 사는 현명한 행복에 관하여

행복을 찾는 방법이 아니라
불행에 대한 수비력을 길러주는 58가지 인생 이야기

《1cm 다이빙》, 《홈 in 홈》으로 많은 사랑을 받았던 에세이스트 태수가 2년 만의 신작 《어른의 행복은 조용하다》로 돌아왔다. 이번 신작에서 저자 태수는 그동안 선보였던 이야기보다 한층 성숙하고 현명하게 삶의 행복에 가까워지는 방법에 대해 이야기한다. 새로운 것, 짜릿한 것, 남들보다 높은 곳에서 행복하고 싶어 발버둥치는 사람들에게 행복은 꼭 그런 데에만 있는 게 아니라 불행해지지 않는 것에서부터 출발한다고 조용히 알려준다.
《어른의 행복은 조용하다》는 요란한 세상에서도 흔들리지 않고 내 삶을 살아가는 튼튼하고 단단한 태도에 대해 말한다. 시끌벅적 기쁜 일을 찾아다니기보다도, 울 일이 없고 별다른 나쁜 일이 없는 하루를 만들어야 한다고 강조한다. 그랬을 때에야 진정한 행복이 우리 곁에 온다는 사실을 다시 한번 일깨워준다.
이 책을 먼저 읽은 독자들의 반응 역시 뜨겁다. “울고 싶어지는 날이면 태수 작가의 글을 찾는다. 충분히 울고 다시 나아가기 위해”, “〈불편한 편의점〉 이후로 오랜만에 끝나지 않길 바라던 책”이라며 극찬하고, SNS에서 선보인 선공개 원고에도 빨리 책으로 출간해달라는 요청이 쇄도했다. 
이제 당신 차례다. 《어른의 행복은 조용하다》를 읽고 현명하게 행복해질 수 있다. 혹자는 여전히 의심스러운 목소리로 그토록 조용한 인생에서도 행복을 발견할 수 있냐고 묻지만 저자는 확신에 찬 목소리로 단호하게 답한다. “물론”이라고."
DAY6 가사 필사집 - DAY6(데이식스) 곡 모음,"단순히 노래를 듣는 것을 넘어, 가사를 직접 쓰며 음악 속 이야기를 나만의 것으로 만드는 특별한 경험을 제공한다. 책에는 DAY6의 전곡(97곡)이 수록되어 있다. DAY6의 음악을 사랑하는 이들이 데이식스의 진솔한 메시지를 따라 쓰며, 마음에 새길 수 있도록 돕는다.",355367559,"글로 쓰는 음악의 깊이, 최초의 DAY6 가사 필사집 DAY6의 음악은 우리의 일상에 위로와 에너지를 선사합니다. 이제 그 감동을 손끝으로 따라 적으며 더욱 깊이 느껴보세요. ‘DAY6 가사 필사집’은 단순히 노래를 듣는 것을 넘어, 가사를 직접 쓰며 음악 속 이야기를 나만의 것으로 만드는 특별한 경험을 제공합니다.  책에는 DAY6의 전곡(97곡)이 수록되어 있습니다. DAY6의 음악을 사랑하는 이들이 데이식스의 진솔한 메시지를 따라 쓰며, 마음","〈DAY6 가사 필사집〉 도서 소개 
▶ 데뷔 10년 차 믿고 듣는 밴드 DAY6의 가사를 손끝으로 느껴보세요!

글로 쓰는 음악의 깊이, 최초의 DAY6 가사 필사집
DAY6의 음악은 우리의 일상에 위로와 에너지를 선사합니다. 이제 그 감동을 손끝으로 따라 적으며 더욱 깊이 느껴보세요. ‘DAY6 가사 필사집’은 단순히 노래를 듣는 것을 넘어, 가사를 직접 쓰며 음악 속 이야기를 나만의 것으로 만드는 특별한 경험을 제공합니다.

책에는 DAY6의 전곡(97곡)이 수록되어 있습니다. DAY6의 음악을 사랑하는 이들이 데이식스의 진솔한 메시지를 따라 쓰며, 마음에 새길 수 있도록 돕습니다. 특히, 필사집 속에는 DAY6의 팬덤 ‘MY DAY’가 직접 작성한 메시지도 담겨 있습니다. 팬들과 아티스트가 음악을 매개로 교감하며 만들어낸 이 기록은 책을 더욱 특별하게 만듭니다. 책 속 QR코드를 스캔하면 DAY6 곡의 피아노 커버 음원을 들을 수 있어, 음악과 함께하는 몰입감 있는 필사가 가능합니다.

스마트폰을 내려놓고, 나만의 시간을 가져보세요. DAY6의 가사를 따라 적으며 하루를 환기하는 시간을 가져보세요. 손끝으로 음악을 느끼는 이 새로운 리추얼이 당신의 일상을 채워줄 것입니다.

(이 책에 수록된 97곡의 저작권료는 모두 DAY6에게 지급됨을 알립니다. 한국음악저작권협회(KOMCA)를 통해 정식 승인되었습니다.)"
소득혁명 - 당신의 자산이 스스로 일하게 하라,"“나의 아버지는 수십 년간 영혼을 박살 내는 일에 매여 살았으나 처절히 가난했고, 일흔이 넘어서는 흑색종 4기 진단을 받았다. 은퇴는 했으나 이미 아무것도 할 수 없는 몸이었다. 아버지의 마지막 모습은 내 가슴에 불을 지폈다. 이것이 책을 쓰게 된 이유다.” 브라이언 페이지의 책 《소득혁명》은 이런 이유에서 시작되었다.",353584540,"“나의 아버지는 수십 년간 영혼을 박살 내는 일에 매여 살았으나 처절히 가난했고, 일흔이 넘어서는 흑색종 4기 진단을 받았다. 은퇴는 했으나 이미 아무것도 할 수 없는 몸이었다. 아버지의 마지막 모습은 내 가슴에 불을 지폈다. 이것이 책을 쓰게 된 이유다.” 브라이언 페이지의 책 《소득혁명》은 이런 이유에서 시작되었다. 아버지의 비참한 죽음에 큰 충격을 받은 그는 ‘소모당하지 않는 삶’을 살기 위해 ‘돈과 시간의 자유’가 있는 인생 설계를 시작","왜 죽을 정도로 열심히 일해야 한단 말인가

“나의 아버지는 수십 년간 영혼을 박살 내는 일에 매여 살았으나 처절히 가난했고, 일흔이 넘어서는 흑색종 4기 진단을 받았다. 은퇴는 했으나 이미 아무것도 할 수 없는 몸이었다. 아버지의 마지막 모습은 내 가슴에 불을 지폈다. 이것이 책을 쓰게 된 이유다.” 브라이언 페이지의 책 《소득혁명》은 이런 이유에서 시작되었다. 
아버지의 비참한 죽음에 큰 충격을 받은 그는 ‘소모당하지 않는 삶’을 살기 위해 ‘돈과 시간의 자유’가 있는 인생 설계를 시작했고, 평범한 회사원에서 벗어나 현재는 수천 억원의 자산가가 되었다. 
그가 찾은 해법은 ‘자동 소득’이었다. 실제로 회사를 다니며 자동 소득을 설계했고, 준비가 끝나자 스스로 직장을 해고한다. 그렇게 퇴사한 지 불과 3년 만에 연소득은 수천만 달러, 즉 수백 억원에 달했다. “자동 소득을 통해 현금이 지속적 ㆍ 반복적으로 흐르는 시스템을 갖춰 ‘돈과 시간의 풍요’를 누리는 신흥 부자들이 있습니다. 나와 내 친구들 같은 사람이죠. 핵심은 ‘빨리’입니다. 30~40년 뒤에 부자 될 생각은 하지도 마세요. 당신의 람보르기니에 노인용 보행기를 싣고 다닐 셈이 아니라면요. 3년에서 5년 고생하면 됩니다. 대신, 아주 힘들 거예요.” 
그는 힘든 여정이긴 하지만 반드시 목적지에 도착한다고 자신하며, 독자들에게 자동 소득 설계의 AtoZ를 제시한다. 본인은 물론, 그의 친구 팀 페리스, 딘 그라지시오 등의 경험과 실전 로드맵을 아낌없이 공개한다. 과로에 시달리는 직장인, 대박의 꿈을 실현하지 못한 연쇄 창업가, N잡러의 노예가 된 소시민 사장이라면 특히나 책의 메시지에 크게 공감하고, 브라이언의 경험과 가이드에서 강력한 영감과 에너지를 얻을 수 있을 것이다."
"흰 - 2024 노벨문학상 수상작가, 한강 소설","2018년 봄, 한강 작가의 소설 &lt;흰&gt;을 새롭게 선보인다. 이 년 전 오월에 세상에 나와 빛의 겹겹 오라기로 둘러싸인 적 있던 그 &lt;흰&gt;에 새 옷을 입히게 된 건 소설 발간에 즈음해 행했던 작가의 퍼포먼스가 글과 함께 배었으면 하는 바람에서였다.",143220344,"한국인 최초 맨부커상 수상 작가 한강의 소설 『흰』. 2018년 맨부커 인터네셔널 부문 최종후보작으로 선정된 이 작품은, 2013년 겨울에 기획해 2014년에 완성된 초고를 바탕으로 글의 매무새를 닳도록 만지고 또 어루만져서 2016년 5월에 처음 펴냈던 책이다. 삶과 죽음이라는 경계를 무력하게 만드는 이 소설은 한 권의 시집으로 읽힘에 손색이 없는 65편의 이야기로 구성되어 있다.  강보, 배내옷, 각설탕, 입김, 달, 쌀, 파도, 백지, 백발","결코 더럽혀지지 않는, 절대로 더럽혀질 수가 없는 어떤 흰 것에 관한 이야기!

한국인 최초 맨부커상 수상 작가 한강의 소설 『흰』. 2018년 맨부커 인터네셔널 부문 최종후보작으로 선정된 이 작품은, 2013년 겨울에 기획해 2014년에 완성된 초고를 바탕으로 글의 매무새를 닳도록 만지고 또 어루만져서 2016년 5월에 처음 펴냈던 책이다. 삶과 죽음이라는 경계를 무력하게 만드는 이 소설은 한 권의 시집으로 읽힘에 손색이 없는 65편의 이야기로 구성되어 있다. 

강보, 배내옷, 각설탕, 입김, 달, 쌀, 파도, 백지, 백발, 수의…. 작가로부터 불려나온 흰 것의 목록은 총 65개의 이야기로 파생되어 ‘나’와 ‘그녀’와 ‘모든 흰’이라는 세 개의 장 아래 담겨 있다. 한 권의 소설이지만 각 소제목, 흰 것의 목록들 아래 각각의 이야기들이 그 자체로 밀도 있는 완성도를 자랑한다. 

‘나’에게는 죽은 어머니가 스물세 살에 낳았다 태어난 지 두 시간 만에 죽었다는 ‘언니’의 사연이 있다. 나는 지구의 반대편의 오래된 한 도시로 옮겨온 뒤에도 자꾸만 떠오르는 오래된 기억들에 사로잡힌다. 나에게서 비롯된 이야기는 ‘그녀’에게로 시선을 옮겨간다. 나는 그녀가 나대신 이곳으로 왔다고 생각하고, 그런 그녀를 통해 세상의 흰 것들을 다시금 만나기에 이른다."
나라를 위해서 일한다는 거짓말 - 한국 공직사회는 왜 그토록 무능해졌는가,"한국 공직사회와 공무원에 관한 폭탄과 같은 책이 출간되었다. 행정고시를 패스하고 문화체육관광부에서 10년을 일하다가 스스로 그만둔 전직 서기관 노한동이 쓴 책이다. 그는 공직사회에서 오랫동안 몸담은 내부자만이 가질 수 있는 시각으로 정부와 관료 조직을 생생하게 폭로하고, 그 조직 구성원들이 ‘나라를 위해서 일한다는 거짓말’을 심층적으로 비판한다.",354331513,"문화체육관광부 소속 전직 서기관의 고백  “나는 대한민국 정부에서 10년 동안 일했고, 그 무의미한 일을 스스로 그만두었습니다.”  한국 공직사회와 공무원에 관한 폭탄과 같은 책이 출간되었다. 행정고시를 패스하고 문화체육관광부에서 10년을 일하다가 스스로 그만둔 전직 서기관 노한동이 쓴 책이다. 그는 공직사회에서 오랫동안 몸담은 내부자만이 가질 수 있는 시각으로 정부와 관료 조직을 생생하게 폭로하고, 그 조직 구성원들이 사적 이익과 생존을 위해","지금껏 공무원들의 영리해서 무능한 세계를
이토록 정확하고 날카롭게 폭로한 책은 없었다

문화체육관광부 소속 전직 서기관의 고백

“나는 대한민국 정부에서 10년 동안 일했고,
그 무의미한 일을 스스로 그만두었습니다.”

한국 공직사회와 공무원에 관한 폭탄과 같은 책이 출간되었다. 행정고시를 패스하고 문화체육관광부에서 10년을 일하다가 스스로 그만둔 전직 서기관 노한동이 쓴 책이다. 그는 공직사회에서 오랫동안 몸담은 내부자만이 가질 수 있는 시각으로 정부와 관료 조직을 생생하게 폭로하고, 그 조직 구성원들이 사적 이익과 생존을 위해 방패막이로 두른 ‘나라를 위해서 일한다는 거짓말’을 심층적으로 비판한다. 무기력한 일상과 좌절, 가짜 노동과 쓸데없는 규칙, 구조적 비효율과 책임 회피의 메커니즘으로 가득한 공직사회의 특성을 전면적으로 파헤친다.

한강 작가가 포함되었던 ‘문화예술계 블랙리스트’ 사건의 그늘과 여파, 『구름빵』과 『검정고무신』 불공정 계약 사태가 근본적인 창작자 보호 대책으로 연결되지 못한 이유, 실질적인 문제를 해결하는 게 아니라 윗사람의 심기를 맞추는 데 전적으로 집중된 성과평가 시스템과, 그 시스템을 극복하는 대책으로 만들어진 ‘조직문화 새로고침(F5)’ 같은 공무원식 말장난에 대한 비판까지…. 문체부 내외를 입체적으로 넘나드는 작가의 공직 비판은 더없이 신랄하고 폭발적이다. 제도적인 영역과 문화적인 영역을 두루 조망하고, 미시적이고 거시적인 요인들을 총괄적으로 파악한다. 정책과 예산과 인사와 법령의 문제를 세세하게 훑으면서도 공무원들에게 무력감과 좌절감을 안기는 공기를 르포적으로 복원한다.

공무원들은 아주 영리하다. 그래서 아주 무능하다. 그 체계적인 무능은 공무원 개개인의 문제가 아니다. ‘나라를 위해서 일한다’는 그럴듯한 말로 무능과 무기력을 숨기는 공직사회의 관성과 구조가 가장 큰 문제다. 작가는 거기에 질려 공무원의 삶을 때려치웠지만, 그는 여전히 그 조직에 대한 깊은 애정을 숨기지 못한다. 그는 대한민국의 더 나은 내일을 위해선 100만 명이 넘는 사람들이 일하는 우리 공직사회의 한계와 폐단에 대한 정확한 비판이 필요하다는 신념으로 이 책을 썼다. 노한동은 우리 사회를 앞을 향해 나아가게 만드는 관료와 행정의 힘을 진정으로 믿고 있다. 그는 ‘나라를 위해 일하는 것’을 그만둔 게 아니라, 그저 ‘거짓말’을 그만두었을 뿐이다"
원피스 110 + 2025 캘린더 합본판(A2 캘린더 6매) - 프로모션 동봉 카드 1종 + 스페셜 일러스트 카드 6매,"거병 해적단의 도움으로 미래섬 탈출에 빛줄기를 본 루피 일행이었으나, 오로성이 벽이 되어 막아선다! 한편, 베가펑크의 방송이 시작되고 그 내용에 세계가 요동치는데...",355678535,,해적왕이라고 불리웠던 'G 로저'가 남긴 보물 중의 보물 &lt;원피스&gt;를 둘러싸고 펼쳐지는 대해적 시대. 악마의 열매를 먹어버린 소년 루피는 미래의 해적왕을 꿈꾸며 동지를 모으기 위해 위대한 항해를 시작한다.
해커스 토익 기출 VOCA (보카) - 주제별 연상암기로 토익 영단어 30일 완성! RC/LC 필수 토익 보카 [최신 기출 어휘+출제포인트 수록ㅣ단어암기 어플 제공],토익 기초 단어부터 고난도 어휘까지 모든 난이도의 단어를 수록했다. 토익 빈출?주제 30개에 맞춰?단어를 수록하여 주제별로 묶어서 쉽게 암기가 가능하다. 단어 MP3를 바로 들을 수 있는 QR코드를 각 Day 시작 페이지에 삽입하여 편리하게 학습이 가능하다.,176021392,1. 토익 기출 보카 30일 완성! 2. 주제별 연상암기로 쉽고 재미있게 단어 학습 3. 최신 기출 단어 및 출제포인트 수록 4. 목표 점수대별 필수 단어로 맞춤 학습 가능 5. 출제율 높은 핵심 단어만 골라 효율적으로 학습 6. 토익 신유형 대비 〈토익 필수 이디엄 표현〉 수록 7. 실전 감각을 키우는 토익 실전문제 13회분 제공(교재 3회+온라인 10회),"주제별 연상암기로 토익 영단어 30일 완성

1. 토익 기출 보카 30일 완성!
2. 주제별 연상암기로 쉽고 재미있게 단어 학습
3. 최신 기출 단어 및 출제포인트 수록
4. 목표 점수대별 필수 단어로 맞춤 학습 가능
5. 출제율 높은 핵심 단어만 골라 효율적으로 학습
6. 토익 신유형 대비 〈토익 필수 이디엄 표현〉 수록
7. 실전 감각을 키우는 토익 실전문제 13회분 제공(교재 3회+온라인 10회)"
흑무경담 2 - S코믹스,"경성에서 연속 엽기 살인사건을 해결한 검은 옷의 무녀 최월자와 일본인 작가 이와야 쿄스이. 다음 행선지는 ""낙원""이라 불리는 섬, 제주도. 섬 주변 해역에선 계속해서 배가 사라지고, 남성만이 희생되는 괴사건이 발생한다. 생존자 말에 따르면 ""괴물""의 소행이라는데….",355242244,"경성에서 연속 엽기 살인사건을 해결한 검은 옷의 무녀 최월자와 일본인 작가 이와야 쿄스이. 다음 행선지는 ""낙원""이라 불리는 섬, 제주도. 섬 주변 해역에선 계속해서 배가 사라지고, 남성만이 희생되는 괴사건이 발생한다. 생존자 말에 따르면 ""괴물""의 소행이라는데…. 현지 해녀 양영화의 협력을 받아 두 사람은 괴물 퇴치에 나선다.  SNS 화제작! 2권도 파격적인 한일 동시 발매!!","크툴루풍x샤머니즘 퇴마 괴담!
화제의 코리안 오컬틱 액션!!
이번 무대는 제주도!!

경성에서 연속 엽기 살인사건을 해결한 
검은 옷의 무녀 최월자와 일본인 작가 이와야 쿄스이. 
다음 행선지는 ""낙원""이라 불리는 섬, 제주도. 
섬 주변 해역에선 계속해서 배가 사라지고, 
남성만이 희생되는 괴사건이 발생한다. 
생존자 말에 따르면 ""괴물""의 소행이라는데…. 
현지 해녀 양영화의 협력을 받아 두 사람은 괴물 퇴치에 나선다.

SNS 화제작!
2권도 파격적인 한일 동시 발매!!"
모순 - 개정판,"작가 양귀자가 1998년 펴낸 세 번째 장편소설로, 책이 나온 지 한 달 만에 무서운 속도로 베스트셀러 1위에 진입, 출판계를 놀라게 하고 그해 최고의 베스트셀러로 자리 잡으면서 ‘양귀자 소설의 힘’을 다시 한 번 유감없이 보여준 소설이다.",25843736,"양귀자 소설의 힘을 보여준 베스트셀러 『모순』. 1998년에 초판이 출간된 이후 132쇄를 찍으며 여전히 많은 사랑을 받고 있는 작품을, 오래도록 소장할 수 있는 양장본으로 새롭게 선보인다. 스물다섯 살 미혼여성 안진진을 통해 모순으로 가득한 우리의 인생을 들여다본다. 작가 특유의 섬세한 문장들로 여러 인물들의 삶을 생생하게 그려내고 있다.  시장에서 내복을 팔고 있는 억척스런 어머니와 행방불명 상태로 떠돌다 가끔씩 귀가하는 아버지, 조폭의 보스","※본 도서의 표지 색상은 2쇄를 주기로 변경됩니다. 등록된 이미지와 다른 색의 표지가 발송될 수 있습니다.※

인생은 살아가면서 탐구하는 것!

양귀자 소설의 힘을 보여준 베스트셀러 『모순』. 1998년에 초판이 출간된 이후 132쇄를 찍으며 여전히 많은 사랑을 받고 있는 작품을, 오래도록 소장할 수 있는 양장본으로 새롭게 선보인다. 스물다섯 살 미혼여성 안진진을 통해 모순으로 가득한 우리의 인생을 들여다본다. 작가 특유의 섬세한 문장들로 여러 인물들의 삶을 생생하게 그려내고 있다.

시장에서 내복을 팔고 있는 억척스런 어머니와 행방불명 상태로 떠돌다 가끔씩 귀가하는 아버지, 조폭의 보스가 인생의 꿈인 남동생을 가족으로 둔 안진진. 어머니와 일란성 쌍둥이인 이모는 부유하지만 지루한 삶에 지쳐 있고, 가난한 어머니는 처리해야 할 불행들이 많아 지루할 틈이 없다. 안진진은 사뭇 다른 어머니와 이모의 삶을 바라보며 모순투성이인 삶을 어떻게 이해해야 하는지 고민하기 시작하는데…."
서랍에 저녁을 넣어 두었다 - 2024 노벨문학상 수상작가,"'문학과지성 시인선' 438권. 인간 삶의 고독과 비애, 삶과 죽음의 경계에서 맞닥뜨리는 어떤 진실과 본질적인 정서들을 특유의 단단하고 시정 어린 문체로 새겨온 한강의 첫 시집. 틈틈이 쓰고 발표한 시들 가운데 60편을 추려 이번 시집을 묶었다.",33355947,"한강 문학의 시적 기원! “한강의 소설에 등장하는 수많은 그림의 실재가 궁금했던 사람들은 이제 시집 『서랍에 저녁을 넣어 두었다』를 펼치면 된다”  1993년 계간 『문학과사회』 겨울호에 시 「서울의 겨울」 외 4편을 발표하고 이듬해 『서울신문』 신춘문예에 단편소설 「붉은 닻」이 당선되어 작품 활동을 시작한 한강이 틈틈이 쓰고 발표한 시들 중 60편을 추려 묶어 데뷔 20년 만에 펴낸 첫 시집이다. 인간 삶의 고독과 비애, 삶과 죽음의 경계","2024 노벨문학상 수상 작가 한강

심해의 밤, 침묵에서 길어 올린 핏빛 언어들
상처 입은 영혼에 닿는 투명한 빛의 궤적들

한강 문학의 시적 기원!
“한강의 소설에 등장하는 수많은 그림의 실재가 궁금했던 사람들은 
이제 시집 『서랍에 저녁을 넣어 두었다』를 펼치면 된다”

1993년 계간 『문학과사회』 겨울호에 시 「서울의 겨울」 외 4편을 발표하고 이듬해 『서울신문』 신춘문예에 단편소설 「붉은 닻」이 당선되어 작품 활동을 시작한 한강이 틈틈이 쓰고 발표한 시들 중 60편을 추려 묶어 데뷔 20년 만에 펴낸 첫 시집이다. 인간 삶의 고독과 비애, 삶과 죽음의 경계에서 맞닥뜨리는 어떤 진실과 본질적인 정서들을 특유의 단단하고 시정 어린 문체로 새겨온 시인은 한국소설문학상(1999), 오늘의 젊은 예술가상(2000), 이상문학상(2005), 동리문학상(2010), 만해문학상(2014), 황순원문학상(2015), 인터내셔널 부커상(2016), 말라파르테 문학상(2017), 김유정문학상(2018), 산클레멘테 문학상(2019), 대산문학상(2022), 메디치 외국문학상(2023), 에밀 기메 아시아문학상(2024), 노벨문학상(2024) 등을 수상한 바 있다."
"주술회전 28 더블특장판 - 인외마경 신주쿠 결전 : 9점 점바둑, 스티커(초판 한정) + 일러스트 카드(PET) (선착순 한정)","스쿠나의 술식 몰수가 실패로 돌아간 채, 히구루마는 이타도리 일행과 떨어져 스쿠나와 홀로 대치하게 된다. 히구루마가 휘두른 ‘필사’ 검의 일격은 과연 스쿠나에게 닿을 것인가…?! 그리고, 격전이 극에 달한 신주쿠에 도착한 ‘현대의 이능’ 옷코츠가 영역을 전개하는데?!",354729513,,"스쿠나의 술식 몰수가 실패로 돌아간 채, 히구루마는 이타도리 일행과 떨어져 스쿠나와 홀로 대치하게 된다――!! 히구루마가 휘두른 ‘필사’ 검의 일격은 과연 스쿠나에게 닿을 것인가…?! 그리고, 격전이 극에 달한 신주쿠에 도착한 ‘현대의 이능’ 옷코츠가 영역을 전개하는데?!"
내가 나라서 정말 좋아 - 단단한 마음을 만드는 다정한 말,아침 조회 시간 아이들의 생생한 고민 가운데 24만 명 팔로워가 가장 공감한 ‘내 아이에게 매일 들려주고 싶은 말’ 40가지를 가려 담았다. 간결하지만 힘 있는 말들로 나를 아끼고 사랑하는 연습을 시작해 보자.,354318898,"“우리 아이도 이런 선생님을 만나면 참 행복하겠구나 싶어요.” “이 말을 어렸을 때 들었더라면 내 삶이 달라졌을 것 같아요.” “아이에게도 어른에게도 꼭 필요한 이야기!” 아침 조회 시간에 반 아이들에게 들려준 김지훤 선생님의 이야기는 단숨에 조회 수 500만 뷰를 돌파하며 수많은 부모와 교사들 사이에 화제를 모았습니다. 어른의 마음까지 안아주는 따뜻한 이야기에 독자들의 출간 요청이 빗발쳤고, 그 감동의 순간을 아이와 함께 나눌 수 있도록 포근","누적 조회 5,800만, 부모들을 감동시킨 화제의 릴스!
24만 독자의 요청 쇄도, 마침내 종이책 출간

초등 교사 김지훤의 ‘단단한 마음을 만드는 다정한 말’

“우리 아이도 이런 선생님을 만나면 참 행복하겠구나 싶어요.” “이 말을 어렸을 때 들었더라면 내 삶이 달라졌을 것 같아요.” “아이에게도 어른에게도 꼭 필요한 이야기!” 아침 조회 시간에 반 아이들에게 들려준 김지훤 선생님의 이야기는 단숨에 조회 수 500만 뷰를 돌파하며 수많은 부모와 교사들 사이에 화제를 모았습니다. 어른의 마음까지 안아주는 따뜻한 이야기에 독자들의 출간 요청이 빗발쳤고, 그 감동의 순간을 아이와 함께 나눌 수 있도록 포근한 일러스트를 더해 그림책으로 엮었습니다. 저자는 스스로에게 해 준 따뜻하고 다정한 말들이 쌓여 지금의 단단한 어른으로 성장할 수 있었다고 말하며, 이 책을 읽는 어린이들이 나를 먼저 아끼고 사랑하는 연습을 해 보길, 더 나아가 다정한 마음을 나눌 줄 아는 멋진 어른으로 자라길 응원하는 마음으로 책을 썼습니다. 기쁘거나 슬플 때, 속상하고 짜증 날 때 등 삶의 순간마다 아이들 스스로가 자기감정을 위로하고 현명하게 표현하며 삶을 건강하게 꾸려 나가길 바랍니다."
아이의 뇌 - 뇌과학에서 찾아낸 4가지 양육 원칙,"뇌 발달의 결정적 시기에 맞추어 사고력, 공감력, 실행력을 고루 성장시킬 수 있는 실질적이고 구체적인 양육 지침이 담겨 있다. 김붕년 교수는 30여 년 동안 발달뇌과학자로 살아온 학자의 통찰력과 두 아이를 키워낸 아빠의 경험을 넘나들며 때로는 날카롭게, 때로는 따뜻하게 진심 어린 조언을 건넨다.",353583435,“20년 전으로 돌아가 내 아이를 다시 키운다면 이 책을 평생의 지침으로 삼고 싶다” _ 곽윤정(『아들의 뇌』 저자)  진료 대기만 3년. 대한민국에서 부모들이 가장 만나고 싶어 하는 소아청소년정신과 전문의. 국내 발달뇌과학의 최고 권위자. 이 모든 것이 서울대 소아청소년정신과 김붕년 교수를 소개하는 말이다. 30년 넘게 정서 및 행동 문제를 겪고 있는 수많은 아이들과 부모들에게 탁월한 솔루션을 제시해 주었던 그가 틈틈이 고치고 다듬어 12년 만,"“이제 육아에도 뇌과학이 필요합니다”

국내 최고의 발달뇌과학자가 알려주는 
더 똑똑하고 당당한 아이를 만드는 4가지 육아 원칙

“20년 전으로 돌아가 내 아이를 다시 키운다면
이 책을 평생의 지침으로 삼고 싶다” _ 곽윤정(『아들의 뇌』 저자)

진료 대기만 3년. 대한민국에서 부모들이 가장 만나고 싶어 하는 소아청소년정신과 전문의. 국내 발달뇌과학의 최고 권위자. 이 모든 것이 서울대 소아청소년정신과 김붕년 교수를 소개하는 말이다. 30년 넘게 정서 및 행동 문제를 겪고 있는 수많은 아이들과 부모들에게 탁월한 솔루션을 제시해 주었던 그가 틈틈이 고치고 다듬어 12년 만에 뇌과학에서 찾아낸 4가지 양육 원칙을 소개하는 『아이의 뇌』를 새롭게 펴냈다. 
인간은 뇌의 기능을 30% 정도만 가지고 태어난다. 생명을 유지하기 위한 능력만 갖추고 있는 셈이다. 어린아이들의 뇌는 이른바 결정적 시기라 불리는 12세까지 신경세포 간의 연결을 활성화시키면서 폭발적으로 성장하게 되는데, 이 연결이 활성화되는 부위가 연령에 따라 다르다. 만 3세까지는 두정엽, 측두엽, 후두엽과 변연계에서 발달이 이뤄지게 되는데 이 부위에서 주로 관장하는 것은 감정적이고 감각적인 영역이다. 다시 말해 만 3세 이전에는 논리와 이성, 합리적인 사고와 학습 같은 영역은 길러낼 수 없다는 얘기다. 대신 이 시기에는 오감 자극을 통해 충족시키는 감각 기능의 발달, 교감과 애착을 통해 형성되는 감정의 발달이 매우 중요하다. 

이 책은 뇌 발달의 결정적 시기에 맞추어 사고력, 공감력, 실행력을 고루 성장시킬 수 있는 실질적이고 구체적인 양육 지침이 담겨 있다. 김붕년 교수는 30여 년 동안 발달뇌과학자로 살아온 학자의 통찰력과 두 아이를 키워낸 아빠의 경험을 넘나들며 때로는 날카롭게, 때로는 따뜻하게 진심 어린 조언을 건넨다.
아이를 잘 기르고 싶지 않은 부모는 없을 것이다. “20년 전으로 돌아가 내 아이를 다시 키운다면 이 책을 평생의 지침으로 삼고 싶다”고 극찬한 곽윤정 교수의 이야기처럼 이 책이야말로 아이들의 원하는 삶을 향해 당당하게 나아갈 수 있는 든든한 밑거름이 되어줄 것이다."
하루 한 장 나의 어휘력을 위한 필사 노트 (컴포지션 에디션) - 할 말은 많지만 쓸 만한 말이 없는 어른들을 위한 숨은 어휘력 찾기,"출간 즉시 인문 분야 베스트셀러에 오르며, 필사 열풍을 몰고 온 《하루 한 장 나의 어휘력을 위한 필사 노트》가 컴포지션 에디션으로 새롭게 독자들과 만난다. 필사 노트의 대명사인 컴포지션 스튜디오와의 협업을 통해 선보이는 이번 ‘컴포지션 에디션’은 필사의 아날로그 감성과 디테일을 더하며 더욱 소장 가치를 높였다.",350505984,"최근 인공지능에 대한 관심이 뜨거워지면서 챗GPT를 활용하는 범위가 늘어나고 있다. 모바일 채팅봇의 기계적인 답변만 생각했다가, 막상 써보면 꽤 그럴싸한 언변과 뜻밖의 논리를 갖추고 있어 흠칫 놀라게 된다는 반응이 다수다. 알고 보면 크게 어려운 말도 없고, 뾰족한 메시지가 있는 것도 아닌데, 내가 하고 싶었던 말과 생각들을 그대로 읽어냈다는 느낌을 지울 수 없다. 몰라서 못 쓰는 것이 아니라 머리로는 알지만 어떻게 써야 할지 몰랐던 생각과 주장","“필사, 그냥 베껴 쓰면 되는 거 아닌가요?”
“필사를 하면 진짜 어휘력이 좋아지나요?” 
★어휘력을 끌어올리려 이제 막 필사를 시작하는 당신이 읽어야 할 단 한 권의 책★

최근 인공지능에 대한 관심이 뜨거워지면서 챗GPT를 활용하는 범위가 늘어나고 있다. 모바일 채팅봇의 기계적인 답변만 생각했다가, 막상 써보면 꽤 그럴싸한 언변과 뜻밖의 논리를 갖추고 있어 흠칫 놀라게 된다는 반응이 다수다. 알고 보면 크게 어려운 말도 없고, 뾰족한 메시지가 있는 것도 아닌데, 내가 하고 싶었던 말과 생각들을 그대로 읽어냈다는 느낌을 지울 수 없다. 몰라서 못 쓰는 것이 아니라 머리로는 알지만 어떻게 써야 할지 몰랐던 생각과 주장을 챗GPT가 술술 풀어내는 것을 보면서 그간의 어휘력과 문장력을 돌아보게 된다. 할 말은 많지만 쓸 만한 말이 없음을 실감하며, 전에 없던 다독 혹은 필사에 관심을 갖게 된다.  
《하루 한 장 나의 어휘력을 위한 필사 노트》는 필사를 시작하거나 하고 있는 사람이라면 한 번쯤 던져보았을 질문을 해소하는 데서 출발한다. 단순히 책 한 권을 베껴 쓰는 통 필사의 개념이 아닌, 그 이상의 효용을 끌어내기 위한 구체적인 방법들을 단계별로 제시한다. 소설, 시, 산문, 희곡 등 일상에서 흔히 읽기 어려운 다양한 작품들을 마주할 기회를 제공하는데, 특히 저자가 엄선하여 고른 본문 속 작품들은 눈으로 읽어도 좋지만 집중해서 천천히 손으로 필사할 때 더욱 각별한 ‘울림’이 있다. ‘어휘와 친해지는 법’, ‘어휘력을 기르는 비결’, ‘어휘가 주는 힘’ 등 어휘력을 끌어올리는 구체적인 방법을 제시하며 동시에 자신의 목적에 더 부합한 필사를 심화할 수 있도록 돕는다. 그 외 새롭게 읽고 필사한 문장에서 발견한 어휘를 재료로 자기만의 글쓰기를 할 수 있는 지면도 마련되어 있고, 각주에 달린 유의어 등을 본문에 대입해 읽다 보면 그간 놓치고 있던 ‘말맛’도 세세하게 느낄 수 있다. 

‘쓰지 않는 말들은 결국 쓸 수 없는 말들이다’
- 내 안의 숨은 어휘력을 찾아줄 134편의 실용적인 글쓰기, 필사   

우리가 살아가는 데 필요한 기본 어휘는 읽고, 표현하는 데 문제가 없으면 충분한 게 사실이다. 하지만 자세히 들여다보면 일상에서 주고받는 말과 글은 생각보다 다채롭지 않다. 비슷하 단어들과 형식적인 내용만 반복적으로 오간다. 그러다 보니 새로운 것을 듣고 익혀 나의 언어를 풍성하게 만들 기회가 부족하다. 빈약한 어휘는 나의 생각과 감정을 효과적으로 표현하지 못하고, 정보와 지식을 해석하는 면에서도 뒤처지는 원인이 된다. 
이 책은 풍성한 언어 구사력과 빠른 문해력에 목말라 있던 사람들을 위해 유선경 작가가 자신의 독서 경험과 필사 노하우를 결합해 만든 최초의 어휘력 필사책이다. 하루 한 장, 10분 남짓의 글쓰기를 통해 그동안 쓰지 않던 말을 꺼내어 쓸 수 있게 돕는다. 몰라서 못 쓴 것이 아니라 알고 있었지만 쓰일 기회가 적었던 표현이나 어휘를 익혀 비로소 내 것으로 만들어 준다. 
우리는 경험한 것만 알 수 있고, 그 외의 것은 미지의 영역이다. 언어도 마찬가지다. 결국 내가 쓰지 않는 말들은 쓸 수 없는 말이다. 쓰지 않는 말의 영역이 줄어들고, 쓸 수 있는 말이 점점 늘어날 때, 공적인 글쓰기뿐만 아니라 일상적인 대화에서도 나의 어휘력과 문장력이 한 결 넓어졌음을 체감하게 된다. 또한 낯선 문학 작품이나 생소한 어휘를 익히려 시작한 필사가 마음의 운동이 되고 명상이 되는 효과까지 두루 경험할 수 있어 ‘어른의 교양’을 위한 공부로도 손색이 없다.
이 책을 통해 계속해서 쓰는 사람, 가볍지만 꾸준하게 하루 한 장이라도 읽고 쓰는 기쁨을 맛본다면 필사의 기쁨과 나를 위한 공부의 효용을 체감하게 될 것이다. 그때는 부러 움직이지 않아도 책상에 노트와 펜을 들고 앉아 이 시간을 기다리는 자신과 마주하게 될 것이다. 그것이 바로 루틴의 힘이니까."
죄와 벌 세트 - 전2권,"불멸의 대문호 도스토옙스키의 대표작 『죄와 벌』이 열린책들에서 출간되었다. 데뷔작 『가난한 사람들』 이후 20년의 세월을 거쳐 내놓은 『죄와 벌』은 도스토옙스키의 5대 장편소설의 첫 작품으로, 그의 작품 세계가 정점에 이르렀음을 알린 대작이다.",354612259,"2020년 《한경신춘문예》에 장편소설 『GV 빌런 고태경』이 당선되어 작품 활동을 시작한 소설가 정대건의 두 번째 장편소설 『급류』가 오늘의 젊은 작가 시리즈 40번으로 출간되었다. 『급류』는 저수지와 계곡이 유명한 지방도시 ‘진평’을 배경으로, 열일곱 살 동갑내기인 ‘도담’과 ‘해솔’의 만남과 사랑을 그린 소설이다. 아빠와 함께 수영을 하러 갔던 도담이 한눈에 인상적인 남자아이 ‘해솔’이 물에 빠질 뻔한 것을 구하러 뛰어들며 둘의 인연은 시작","불멸의 대문호 도스토옙스키의 대표작 『죄와 벌』이 열린책들에서 출간되었다. 데뷔작 『가난한 사람들』 이후 20년의 세월을 거쳐 내놓은 『죄와 벌』은 도스토옙스키의 5대 장편소설의 첫 작품으로, 그의 작품 세계가 정점에 이르렀음을 알린 대작이다. 



이 작품은 가난한 대학생 라스콜니코프의 범죄를 통해 죄와 벌의 심리적 과정을 밝힐 뿐만 아니라 죄와 인간 본성의 문제, 선과 악, 신과 인간, 사회적 환경과 인간 범죄의 상관성, 혁명적 사상의 실제 등을 다루며 사회적, 정치적 문제와 더불어 도덕과 윤리 같은 형이상학적인 문제를 폭넓게 파고든다. 이 작품을 기점으로 도스토옙스키는 그 뒤를 잇는 걸작들을 통해 그의 문제의식들을 다양한 측면에서 끊임없이 탐구해 나간다."
급류,"2020년 《한경신춘문예》에 장편소설 &lt;GV 빌런 고태경&gt;이 당선되어 작품 활동을 시작한 소설가 정대건의 두 번째 장편소설 &lt;급류&gt;가 오늘의 젊은 작가 시리즈 40번으로 출간되었다. &lt;급류&gt;는 저수지와 계곡이 유명한 지방도시 ‘진평’을 배경으로, 열일곱 살 동갑내기인 ‘도담’과 ‘해솔’의 만남과 사랑을 그린 소설이다.",307692409,"역대급 무더위가 대한민국을 강타한 2024년 여름, 지구는 역사상 가장 뜨거운 날의 기록을 연달아 경신했다. 지금 우리는 ‘역대급’이라는 말 자체가 역대급으로 많이 쓰이는 시대를 살고 있다. 그만큼 우리 사회의 역동성이 크다는 뜻이기도 하다. 근 20년 동안 우리 사회의 추이와 소비 활동의 여러 모습을 추적, 관찰해온 트렌드 코리아 팀은 대한민국이 그 어느 때보다도 더 특유의 역동성과 역량을 바탕으로 전에 없는 다양성을 표출하는 모습을 목격하고","“너 소용돌이에 빠지면 어떻게 해야 하는 줄 알아?
수면에서 나오려 하지 말고 숨 참고 밑바닥까지 잠수해서 빠져나와야 돼.”

상처에 흠뻑 젖은 이들이 각자의 몸을 말리기까지,
서로의 흉터를 감싸며 다시 무지개를 보기까지
거센 물살 같은 시간 속에서 헤엄치는 법을 알아내는
연약한 이들의 용감한 성장담, 단 하나의 사랑론

2020년 《한경신춘문예》에 장편소설 『GV 빌런 고태경』이 당선되어 작품 활동을 시작한 소설가 정대건의 두 번째 장편소설 『급류』가 오늘의 젊은 작가 시리즈 40번으로 출간되었다. 『급류』는 저수지와 계곡이 유명한 지방도시 ‘진평’을 배경으로, 열일곱 살 동갑내기인 ‘도담’과 ‘해솔’의 만남과 사랑을 그린 소설이다. 아빠와 함께 수영을 하러 갔던 도담이 한눈에 인상적인 남자아이 ‘해솔’이 물에 빠질 뻔한 것을 구하러 뛰어들며 둘의 인연은 시작된다. 운명적이고 낭만적으로 보이는 첫 만남 이후 둘은 모든 걸 이야기하고 비밀 없는 사이가 되지만, 그 첫사랑이 잔잔한 물처럼 평탄하지만은 않다. 모르는 사이에 디뎌 빠져나올 수 없이 빨려드는 와류처럼 둘의 관계는 우연한 사건으로 다른 국면을 맞이한다. 도담과 해솔의 관계가 연인으로 발전하던 어느 날, 해솔의 엄마와 도담의 아빠가 불륜 관계인 듯한 정황이 드러나고 이에 화가 난 도담은 그 둘이 은밀히 만나기로 한 날 밤 랜턴을 들고 그들의 뒤를 밟는다. 그리고 그곳에서 생각지도 못한 사고가 벌어진다. 그날 이후, 진평에서 오직 서로가 전부이던, 나누지 못할 비밀이 없던 도담과 해솔의 관계와 삶은 순식간에 바뀌어 버린다. 해솔의 엄마와 도담의 아빠는 어떤 관계였던 걸까? 그 날, 그 밤 도담과 해솔은 어떤 일을 겪게 된 걸까?"
트렌드 코리아 2025 - 2025 대한민국 소비트렌드 전망,"역대급 무더위가 대한민국을 강타한 2024년 여름, 지구는 역사상 가장 뜨거운 날의 기록을 연달아 경신했다. 지금 우리는 ‘역대급’이라는 말 자체가 역대급으로 많이 쓰이는 시대를 살고 있다. 그만큼 우리 사회의 역동성이 크다는 뜻이기도 하다. 근 20년 동안 우리 사회의 추이와 소비 활동의 여러 모습을 추적, 관찰해온 트렌드 코리아 팀은 대한민국이 그 어느 때보다도 더 특유의 역동성과 역량을 바탕으로 전에 없는 다양성을 표출하는 모습을 목격하고 이를 책에 담고자 했다.",346341455,"한국인 최초 맨부커상 수상 작가 한강의 장편소설 『희랍어 시간』. 말을 잃어가는 한 여자의 침묵과 눈을 잃어가는 한 남자의 빛이 만나는 순간을 그리고 있다. 열일곱 살 겨울, 여자는 어떤 원인이나 전조 없이 말을 잃는다. 말을 잃고 살던 그녀의 입을 다시 움직이게 한 건 낯선 외국어였던 한 개의 불어 단어였다. 시간이 흘러, 이혼을 하고 아이의 양육권을 빼앗기고 다시 말을 잃어버린 여자는 죽은 언어가 된 희랍어를 선택한다. 그곳에서 만난 희랍어","경계가 사라지는 시대, 모든 전제를 원점으로 되돌려라

역대급 무더위가 대한민국을 강타한 2024년 여름, 지구는 역사상 가장 뜨거운 날의 기록을 연달아 경신했다. 지금 우리는 ‘역대급’이라는 말 자체가 역대급으로 많이 쓰이는 시대를 살고 있다. 그만큼 우리 사회의 역동성이 크다는 뜻이기도 하다. 근 20년 동안 우리 사회의 추이와 소비 활동의 여러 모습을 추적, 관찰해온 트렌드 코리아 팀은 대한민국이 그 어느 때보다도 더 특유의 역동성과 역량을 바탕으로 전에 없는 다양성을 표출하는 모습을 목격하고 이를 책에 담고자 했다. 대한민국은 열풍의 나라이기도 하다. 해외 토픽을 장식한 푸바오 열풍, 마라탕과 탕후루에 이은 두바이 초콜릿 열풍, AI 열풍, 의대 열풍, 스페셜티 커피 열풍, 레트로 열풍, 남녀노소를 가리지 않는 ‘먼작귀’ 열풍까지…. 이 모든 것이 시사하는 바는 무엇인가? 이런 열풍의 이면에 있는 우리 사회 구성원들의 욕망과 결핍은 무엇일까? 〈트렌드 코리아 2025〉에서 이에 대한 답을 찾아보도록 하자."
희랍어 시간 - 2024 노벨문학상 수상작가,"&lt;채식주의자&gt;, &lt;내 여자의 열매&gt;, &lt;바람이 분다, 가라&gt;의 작가 한강의 장편소설. 이것은 한 남자와 한 여자의 이야기이다. 다만 한 여자와 한 남자의 기척이 만나는 이야기이다. 말語을 잃어가는 한 여자의 침묵과 눈眼을 잃어가는 한 남자의 빛이 만나는 찰나의 이야기를 그린 소설이다.",13849130,2023년과 2024년 상반기에 연이어 종합 베스트셀러에 선정된 《퓨처 셀프》가 국내 30만 부 판매를 기념하여 스페셜 에디션으로 출간됐다. 스페셜 에디션에는 저자 벤저민 하디가 전하는 한국어판 특별 서문과 줌 라이브를 통해 한국 독자들과 만나 나눈 생생한 이야기를 담았다.  이 책이 출간된 이후 ‘퓨처 셀프’는 많은 사람의 삶을 변화시킨 강력한 단어가 되었다. 이제 우리는 ‘미래에 내가 되고 싶은 모습’을 한 단어로 ‘퓨처 셀프’라고 말한다. 이,"그 여자의 침묵과 그 남자의 빛!

한국인 최초 맨부커상 수상 작가 한강의 장편소설 『희랍어 시간』. 말을 잃어가는 한 여자의 침묵과 눈을 잃어가는 한 남자의 빛이 만나는 순간을 그리고 있다. 열일곱 살 겨울, 여자는 어떤 원인이나 전조 없이 말을 잃는다. 말을 잃고 살던 그녀의 입을 다시 움직이게 한 건 낯선 외국어였던 한 개의 불어 단어였다. 시간이 흘러, 이혼을 하고 아이의 양육권을 빼앗기고 다시 말을 잃어버린 여자는 죽은 언어가 된 희랍어를 선택한다. 그곳에서 만난 희랍어 강사와 여자는 침묵을 사이에 놓고 더듬더듬 대화한다. 한편, 가족을 모두 독일에 두고 혼자 한국으로 돌아와 희랍어를 가르치는 남자는 점점 빛을 잃어가고 있다. 그는 아카데미의 수강생 중 말을 하지도, 웃지도 않는 여자를 주의 깊게 지켜보지만 그녀의 단단한 침묵에 두려움을 느끼는데…."
퓨처 셀프 30만 부 기념 스페셜 에디션 - 현재와 미래가 달라지는 놀라운 혁명,2023년과 2024년 상반기에 연이어 종합 베스트셀러에 선정된 《퓨처 셀프》가 국내 30만 부 판매를 기념하여 스페셜 에디션으로 출간됐다. 스페셜 에디션에는 저자 벤저민 하디가 전하는 한국어판 특별 서문과 줌 라이브를 통해 한국 독자들과 만나 나눈 생생한 이야기를 담았다.,347950596,"철학이란 시대를 품고 있는 사건을 사상과 개념으로 포착해서 해석하고 해명하고 비판하는 일이다. 이 책은 철학자 박구용이 12.3 내란 사태를 시작으로 과거와 현재와 미래를 오가며 윤석열 정권의 탄생부터 몰락까지, 그리고 빛의 혁명을 완수하기 위한 우리 사회의 과제를 철학적으로 해석하고 해명하고 비판한다.  이를테면 ‘자유’라는 개념을 놓고 볼 때 단순히 ‘자유는 중요해’, ‘자유는 필요해’라는 논리를 넘어 자유라는 개념에 대해 조금 더 깊이 들어가고","✦ 30만 부 기념 저자의 한국어판 서문, 보너스 스토리 수록

2023년과 2024년 상반기에 연이어 종합 베스트셀러에 선정된 《퓨처 셀프》가 국내 30만 부 판매를 기념하여 스페셜 에디션으로 출간됐다. 
스페셜 에디션에는 저자 벤저민 하디가 전하는 한국어판 특별 서문과 줌 라이브를 통해 한국 독자들과 만나 나눈 생생한 이야기를 담았다.

이 책이 출간된 이후 ‘퓨처 셀프’는 많은 사람의 삶을 변화시킨 강력한 단어가 되었다. 이제 우리는 ‘미래에 내가 되고 싶은 모습’을 한 단어로 ‘퓨처 셀프’라고 말한다.
이 책은 단순히 ‘퓨처 셀프’를 생각에서 그치지 않고 행동하게 만드는 구체적인 방법을 제시한다는 점에서 당신의 삶을 변화시키는 데 최고의 안내자 역할을 할 것이다."
"빛의 혁명과 반혁명 사이 - 철학자 박구용, 철학으로 시대를 해석하다","철학이란 시대를 품고 있는 사건을 사상과 개념으로 포착해서 해석하고 해명하고 비판하는 일이다. 이 책은 철학자 박구용이 12.3 내란 사태를 시작으로 과거와 현재와 미래를 오가며 윤석열 정권의 탄생부터 몰락까지, 그리고 빛의 혁명을 완수하기 위한 우리 사회의 과제를 철학적으로 해석하고 해명하고 비판한다.",354728754,"소문난 독서가이자 매일 죽음을 만나는 사람, 그러나 누구보다 유쾌한 법의학자 이호 교수가 들려주는 ‘어떤 죽음의 이야기들’ 속에서 인생의 의미와 가치를 생각해본다. 〈그것이 알고싶다〉의 자문 법의학자이자 〈알쓸인잡〉, 〈유퀴즈〉 등의 프로그램을 통해 대중에게도 익숙한 이호 교수가 “잘 살고 싶다면 죽음을 배워야 한다”고 말하며, 그의 첫 책 『살아 있는 자들을 위한 죽음 수업』을 출간했다. 지금까지 30여 년간 약 4천여 구의 변사 시신을 부검","윤석열 정권의 탄생부터 12·3 내란 사태, 탄핵 가결의 결정적 순간들
그리고 빛의 혁명을 완수하기 위한 우리 사회의 과제를
철학적으로 포착하고·분석하고·비판하고·사유한다!

철학이란 시대를 품고 있는 사건을 사상과 개념으로 포착해서 해석하고 해명하고 비판하는 일이다. 이 책은 철학자 박구용이 12.3 내란 사태를 시작으로 과거와 현재와 미래를 오가며 윤석열 정권의 탄생부터 몰락까지, 그리고 빛의 혁명을 완수하기 위한 우리 사회의 과제를 철학적으로 해석하고 해명하고 비판한다. 
 이를테면 ‘자유’라는 개념을 놓고 볼 때 단순히 ‘자유는 중요해’, ‘자유는 필요해’라는 논리를 넘어 자유라는 개념에 대해 조금 더 깊이 들어가고, 조금 다른 각도에서 바라보고, 현재 우리 사회의 자유는 어떤지 살핀다. 무엇보다 윤석열의 자유가 부른 비극에 주목한다. 이런 과정을 통해 독자들은 우리 사회를 조금 더 깊이 있게 바라보고, 철학적으로 사유하며, 윤석열 탄핵 이후 우리 사회가 어떤 방향으로 나아가야 할지 고민할 수 있을 것이다."
살아 있는 자들을 위한 죽음 수업 - 한 법의학자가 수천의 인생을 마주하며 깨달은 삶의 철학,"“잘 살고 싶다면 죽음을 배워야 한다”고 말하는 이 책을 통해 본격적으로 ‘삶을 위한 죽음’을 배워보자. ‘알쓸인잡’보다 흥미롭고 ‘그것이 알고싶다’보다 더 궁금했던 진짜 죽음의 이야기들 속에서, 법의학자만이 들려줄 수 있는 삶의 이야기를 들어본다.",353811714,"글로벌 베스트셀러 《사피엔스》 《호모 데우스》 《21세기를 위한 21가지 제언》으로 우리 시대 가장 중요한 사상가의 반열에 오른 유발 하라리 교수가 압도적 통찰로 AI 혁명의 의미와 본질을 꿰뚫어 보고 인류에게 남은 기회를 냉철하게 성찰하는 신작으로 돌아왔다. 생태적 붕괴와 국제정치적 긴장에 이어 친구인지 적인지 모를 AI 혁명까지, 인간 본성의 어떤 부분이 우리를 자기 파괴의 길로 내모는 것일까? AI는 이전 정보 기술과 무엇이 다르고, 왜 위험","“삶은 결코 당연하지 않다.
이 순간 살아 숨 쉬는 모든 당신이 기적이다.”

죽음에서 삶을 바라보는 법의학자 이호가 들려주는
어떤 죽음의 이야기들, 그리고 인생의 의미

소문난 독서가이자 매일 죽음을 만나는 사람, 그러나 누구보다 유쾌한 법의학자 이호 교수가 들려주는 ‘어떤 죽음의 이야기들’ 속에서 인생의 의미와 가치를 생각해본다. 〈그것이 알고싶다〉의 자문 법의학자이자 〈알쓸인잡〉, 〈유퀴즈〉 등의 프로그램을 통해 대중에게도 익숙한 이호 교수가 “잘 살고 싶다면 죽음을 배워야 한다”고 말하며, 그의 첫 책 『살아 있는 자들을 위한 죽음 수업』을 출간했다. 지금까지 30여 년간 약 4천여 구의 변사 시신을 부검해온 그는 이 책에서 그동안 마주한 여러 죽음의 이야기를 통해 ‘진정한 삶의 의미’를 들려준다.

때로는 살아간다는 것이 어떤 의미가 있는지 막막하고, 오늘보다 나은 내일을 꿈꾸지만 길을 찾기 어려울 때가 있다. 또 때로는 언젠가 우리에게도 닥쳐올 상실과 죽음에 대한 불안감이 문득문득 느껴지는 날도 있다. 그럴 때 우리는 죽음에 대하여 배워야 한다. 무심코 흘려 보내는 일상이 소중한 이유, 당연한 듯 존재하는 내 곁의 사람들을 사랑해야 하는 이유는, 삶이 아닌 죽음에서 답을 찾을 수 있기 때문이다. ‘알쓸인잡’보다 흥미롭고 ‘그것이 알고싶다’보다 더 궁금했던 진짜 죽음의 이야기들 속에서, 법의학자만이 들려줄 수 있는 삶의 이야기가 따뜻하고 감동적으로 펼쳐진다."
"넥서스 - 석기시대부터 AI까지, 정보 네트워크로 보는 인류 역사","《사피엔스》 《호모 데우스》에서 펼쳤던 그의 논지가 ‘정보’를 중심으로 통합되어 더 정교하게 실체를 드러내는 《넥서스》에서 우리는 하라리 교수의 도저한 ‘현실주의’적 해법을 만난다. 비인간 지능이 우리의 존재를 위협하는 현재, 우리는 실수할 여유가 없다.",349172323,"※ 100일 동안 스스로의 실력을 점검할 수 있는 『2025 이유진 국어 백일기도 모의고사』  총 4종의 시리즈 중 그 두 번째 모의고사 교재!!  1. 2025 이유진 국어 백일기도 모의고사 [시즌①_承(승)]은 총 28회분, 560개의 모의고사 문제와 정답, 해설지로  구성되었고, 2025년 출제기조 전환 내용을 완벽 반영한 봉투형 모의고사 교재입니다.  2. 2025 이유진 국어 백일기도 모의고사 [시즌①_承(승)]은 수험생들에게 실제 시험","비인간 지능의 위협과 우리의 미래에 대한 경고
“AI는 우리 종의 역사뿐만 아니라
모든 생명체의 진화 경로를 바꿀지도 모른다.”

글로벌 베스트셀러 《사피엔스》 《호모 데우스》 《21세기를 위한 21가지 제언》으로 우리 시대 가장 중요한 사상가의 반열에 오른 유발 하라리 교수가 압도적 통찰로 AI 혁명의 의미와 본질을 꿰뚫어 보고 인류에게 남은 기회를 냉철하게 성찰하는 신작으로 돌아왔다. 생태적 붕괴와 국제정치적 긴장에 이어 친구인지 적인지 모를 AI 혁명까지, 인간 본성의 어떤 부분이 우리를 자기 파괴의 길로 내모는 것일까? AI는 이전 정보 기술과 무엇이 다르고, 왜 위험할까? 멸종을 향해 달려가는 가장 영리한 동물, 우리 사피엔스는 생존과 번영의 길을 찾을 수 있을까?
상아탑 속 자신의 방에만 안주하지 않고 정치학, 종교학, 매체학, 진화생물학, 컴퓨터과학 등 다양한 학제 간 지식을 습득해온 하라리 교수의 독창적인 역사적 시각과 스토리텔링은 인류를 위한 중요한 선택의 순간에 빛을 발한다. 《사피엔스》 《호모 데우스》에서 펼쳤던 그의 논지가 ‘정보’를 중심으로 통합되어 더 정교하게 실체를 드러내는 《넥서스》에서 우리는 하라리 교수의 도저한 ‘현실주의’적 해법을 만난다. 비인간 지능이 우리의 존재를 위협하는 현재, 우리는 실수할 여유가 없다."
2025 이유진 국어 백일기도 모의고사 시즌 1 : 承(승),"총 28회분, 560개의 모의고사 문제와 정답, 해설지로 구성되었고, 2025년 출제기조 전환 내용을 완벽 반영한 봉투형 모의고사 교재다. 실제 시험에서 자주 출제되는 이론과 유형을 다뤄 안정적인 실력을 완성하는 데 도움이 될 수 있도록 하였다.",354804498,"오늘 했던 행동이 정말 내가 한 게 맞을까? 어떤 일들은 의식하지 못하는 사이에 일어나곤 한다. 도어락 비밀번호를 눌러 문을 열고, 운전을 해서 출근하는 행위 같은 일상적인 행동에서부터, 가끔 ‘이걸 내가?’ 싶은 멋진 글을 써내기도 한다. 괴테가 《젊은 베르테르의 슬픔》을 쓸 때 “손에 쥔 펜이 저절로 움직이는 것 같았다”고 했던 것이나 지드래곤이 〈This love〉를 작사하는 데 20분도 채 걸리지 않았다며 스스로 놀라움을 표현한 일 모두","※ 100일 동안 스스로의 실력을 점검할 수 있는 『2025 이유진 국어 백일기도 모의고사』
   총 4종의 시리즈 중 그 두 번째 모의고사 교재!!

1. 2025 이유진 국어 백일기도 모의고사 [시즌①_承(승)]은 총 28회분, 560개의 모의고사 문제와 정답, 해설지로
  구성되었고, 2025년 출제기조 전환 내용을 완벽 반영한 봉투형 모의고사 교재입니다.

2. 2025 이유진 국어 백일기도 모의고사 [시즌①_承(승)]은 수험생들에게 실제 시험에서 자주 출제되는 이론과 유형
 을 다뤄 안정적인 실력을 완성하는 데 도움이 될 수 있도록 하였습니다.

3. 인사혁신처 예시 문제에 공개된 유형의 스펙트럼을 확장하여 훈련할 수 있도록 하였습니다.

4. 수험생들이 모의고사 학습 방향성 확립 및 학습 단계의 안정적인 적응을 고려하여 구성하였습니다.

5. 실제 시험장에서 접하게 될 실제 시험지와 동일한 형태로 구성하여 시험에 익숙해지는 데 도움이 될 수 있도록
  하였습니다.

6. 백일기도 모의고사는 메가공무원 모의고사 채점/분석 서비스에 정답을 입력하시면 회차별 성적 통계(문항별 정답
  률과 선택률 포함)를 확인할 수 있으며, 영역별 나의 약점이 누적 기록되어 내 약점 문제에 대해 유사 유형 검색
  시스템을 통한 복습 가이드를 제공 해 드립니다.

7. 매주 토요일 메가공무원 유튜브 채널 『국쪽이 상담소』에서 주간(週間)동안 백일기도 모의고사 문제풀이시 펜터치
  교정 및 어려웠던 문제와 파생되는 고민 등에 대한 해결법을 상담하여 드립니다.

8. 백일기도 모의고사 학습 시 해설지를 정독하고 해결하지 못한 궁금증은 저자 카페로 방문하여 주요 질의 응답을
  검색 해 보고, 직접 문의를 남기시면 저자분께서 직접 답변하여 드립니다."
무의식은 어떻게 나를 설계하는가 - 나를 살리기도 망치기도 하는 머릿속 독재자,《우리는 각자의 세계가 된다》로 다시 한번 국내에 이름을 알린 신경과학자 데이비드 이글먼의 초기 연구서다. 2011년 출간 이후 10여 년이 지났지만 책이 주는 메시지는 유효하다. 뇌는 여전히 연구가 진행 중인 ‘정답이 없는’ 가능성의 세계이기 때문이다. 이글먼은 무의식에 대해 깊이 있게 들여다본다.,352306164,"30여 년간 세스 고딘은 전통적인 마케팅 방식에서 벗어나 창의성, 고객 중심의 접근을 강조하는 선구적인 관점을 전달하며 현대 비즈니스를 혁신하는 전략가로 우뚝 섰다. 인터넷이 등장한 초기에 그가 설립한 기업 요요다인(Yoyodyne)은 온라인 마케팅의 방향성과 방법론을 처음 제시하고 온라인 상거래의 문을 활짝 열었다. 그가 없었다면 아마존도, 쿠팡도 등장하지 못했을 것이다. AI가 등장하고, 국제 정세가 급변하여 산업 생태계가 통째로 뒤집히는 오늘날","뇌과학계의 칼 세이건, 데이비드 이글먼 연구의 첫걸음 
“우리가 뇌에 대해 궁금해하는 질문들에 관해 현대 뇌과학이 내놓은 해답.”

오늘 했던 행동이 정말 내가 한 게 맞을까? 어떤 일들은 의식하지 못하는 사이에 일어나곤 한다. 도어락 비밀번호를 눌러 문을 열고, 운전을 해서 출근하는 행위 같은 일상적인 행동에서부터, 가끔 ‘이걸 내가?’ 싶은 멋진 글을 써내기도 한다. 괴테가 《젊은 베르테르의 슬픔》을 쓸 때 “손에 쥔 펜이 저절로 움직이는 것 같았다”고 했던 것이나 지드래곤이 〈This love〉를 작사하는 데 20분도 채 걸리지 않았다며 스스로 놀라움을 표현한 일 모두, 그 중심에는 ‘무의식’이 있다.
《무의식은 어떻게 나를 설계하는가》는 《우리는 각자의 세계가 된다》로 다시 한번 국내에 이름을 알린 신경과학자 데이비드 이글먼의 초기 연구서다. 2011년 출간 이후 10여 년이 지났지만 책이 주는 메시지는 유효하다. 뇌는 여전히 연구가 진행 중인 ‘정답이 없는’ 가능성의 세계이기 때문이다. 이글먼은 무의식에 대해 깊이 있게 들여다본다. 뇌는 우리가 생각하는 것보다 훨씬 더 많은 일을 한다. 무의식을 조종하는 통제 센터이자 자동 시스템을 구축한 범인, 원서 제목(Incognito)처럼 ‘눈에 보이지도 않는’ ‘익명의’ 존재인 뇌의 발자취를 좇다 보면, 결국 ‘나는 누구인가’라는 질문에 도달한다. 뇌과학자 정재승 교수의 말을 빌리자면, 재미있게도 “우리는 마음대로 행동하지만, 마음이 작동하는 과정은 우리가 의식하지 못한 채 이루어진다.” 어쩌면 세상에서 일어나는 이해할 수 없는 사건들을 이 책을 통해서 조금이나마 이해하게 될지도 모르겠다. 강력범죄를 저지르는 범인의 머릿속에는 무엇이 들어 있을까? 술 마시고 하는 말은 어디까지가 진심인가? 왜 비밀은 발설하고 싶은 강렬한 유혹이 들까? 불륜을 저지르는 유전자는 따로 있는 걸까? 이름이 비슷한 사람끼리 사랑에 빠지는 게 정말 우연일까? 이러한 질문들에 관한 답을 이 책에서 찾아볼 차례다."
세스 고딘의 전략 수업,"몇 가지 법칙이나 행동 지침을 정답처럼 제시하는 대신 불확실성에 대응하는 정교한 사고방식으로서의 전략에 대해 말한다. 특유의 허를 찌르는 직관을 전략이라는 실용적 접근법으로 세공해 우리의 삶과 비즈니스에 적용해야 할 것들을 알려준다. 대학입시부터 노후 대비까지, 사업 아이템 선정부터 브랜딩까지, 인사부터 회계까지, 개인과 조직이 더 나은 길로 향하는 확실한 방법을 얻어갈 것이다.",354138926,"매일 아침 7만 명이 유튜브 강의를 찾아 듣고, 한 달에 20여 차례 전국의 강연장을 찾아가 독자들을 만나는 이 시대 최고의 강연자. 30만 독자가 기다린 베스트셀러 저자 고명환이 지난 10여 년간의 인생 내공이 응축된 책, 『고전이 답했다 마땅히 살아야 할 삶에 대하여』에서 고전(古典)에서 길어 올린 흔들림 없는 삶의 내공을 전한다. 1000일간 매일 외친 ‘아침 긍정 확언’은 매년 찾아오던 우울증을 떨쳐버리기 위해 괴테의 『젊은 베르테르","연간 350만 명이 답을 구하는 세스 고딘이 ‘불변의 전략’을 말하다!

30여 년간 세스 고딘은 전통적인 마케팅 방식에서 벗어나 창의성, 고객 중심의 접근을 강조하는 선구적인 관점을 전달하며 현대 비즈니스를 혁신하는 전략가로 우뚝 섰다. 인터넷이 등장한 초기에 그가 설립한 기업 요요다인(Yoyodyne)은 온라인 마케팅의 방향성과 방법론을 처음 제시하고 온라인 상거래의 문을 활짝 열었다. 그가 없었다면 아마존도, 쿠팡도 등장하지 못했을 것이다. 
AI가 등장하고, 국제 정세가 급변하여 산업 생태계가 통째로 뒤집히는 오늘날, 세스 고딘의 목소리에 이목이 쏠린다. 그는 말한다. “먼저 전략을 세워야겠군요.” 《세스 고딘의 전략 수업》은 몇 가지 법칙이나 행동 지침을 정답처럼 제시하는 대신 불확실성에 대응하는 정교한 사고방식으로서의 전략에 대해 말한다. 특유의 허를 찌르는 직관을 전략이라는 실용적 접근법으로 세공해 우리의 삶과 비즈니스에 적용해야 할 것들을 알려준다. 대학입시부터 노후 대비까지, 사업 아이템 선정부터 브랜딩까지, 인사부터 회계까지, 개인과 조직이 더 나은 길로 향하는 확실한 방법을 얻어갈 것이다."
고전이 답했다 마땅히 살아야 할 삶에 대하여 (나만의 책 만들기 에디션),"매일 아침 7만 명이 유튜브 강의를 찾아 듣고, 한 달에 20여 차례 전국의 강연장을 찾아가 독자들을 만나는 이 시대 최고의 강연자. 30만 독자가 기다린 베스트셀러 저자 고명환이 지난 10여 년간의 인생 내공이 응축된 책, 『고전이 답했다 마땅히 살아야 할 삶에 대하여』에서 고전(古典)에서 길어 올린 흔들림 없는 삶의 내공을 전한다.",352543350,"마음에 이는 무늬를 섬세하게 수놓으며 이야기의 아름다움을 증명해온 소설가 김금희가 장편소설 『대온실 수리 보고서』를 선보인다. 이 작품은 동양 최대의 유리온실이었던 창경궁 대온실을 배경으로, 그 안에 숨어 있는 가슴 저릿한 비밀과 인간에 대한 믿음을 저버리지 않으려는 신념을 감동적으로 보여준다. 작가가 작품활동을 시작한 지 15년 만에 처음 선보이는 역사소설로, 김금희 소설세계를 한차원 새롭게 열며 근래 보기 드문 풍성한 장편소설의 진면목을 보여","“사람에 묻지 말고, 고전에 물어라.
그 안에 진짜 길이 있다.”

★★★ 7만 명의 매일 아침을 바꾼 강연 ★★★
★★★ 1000일 긍정 확언 결정판 ★★★

매일 아침 7만 명이 유튜브 강의를 찾아 듣고, 한 달에 20여 차례 전국의 강연장을 찾아가 독자들을 만나는 이 시대 최고의 강연자. 30만 독자가 기다린 베스트셀러 저자 고명환이 지난 10여 년간의 인생 내공이 응축된 책, 『고전이 답했다 마땅히 살아야 할 삶에 대하여』에서 고전(古典)에서 길어 올린 흔들림 없는 삶의 내공을 전한다. 
1000일간 매일 외친 ‘아침 긍정 확언’은 매년 찾아오던 우울증을 떨쳐버리기 위해 괴테의 『젊은 베르테르의 슬픔』을 읽다가 발견한 해답이었다. ‘불안감’을 ‘기대감’의 말로 바꾸면 삶의 방향성이 달라진다는 고전의 답을 따라 매일 10분 긍정의 말을 외쳤고, 삶은 놀라운 방향으로 바뀌기 시작했다.
저자의 삶을 한층 밝고 건강한 쪽으로 이끈 것은 다름 아닌 ‘고전’이었다. 나는 누구인가? 어떻게 살아야 하는가? 무엇을 행해야 하는가? 물음이 생길 때마다 고전을 펼쳐 들었고, 고전이 답했다. 칼 구스타프 융의 『칼 융 레드 북』, 블레즈 파스칼의 『팡세』, 사마천의 『사기열전』, 미하이 칙센트미하이의 『몰입 Flow』까지 수백 년의 경험과 지혜가 압축된 고전을 읽다보면 방향이 선명해졌다. 
인간관계에 대한 고민에서부터 행복한 삶을 사는 법, 이기는 법까지 우리가 원하는 모든 분야에 대한 답이 고전에 있다. 느리지만, 오로지 ‘성장’이라는 방향으로 나아가는 고전에서 답을 찾아보자."
대온실 수리 보고서,"마음에 이는 무늬를 섬세하게 수놓으며 이야기의 아름다움을 증명해온 소설가 김금희가 장편소설 『대온실 수리 보고서』를 선보인다. 이 작품은 동양 최대의 유리온실이었던 창경궁 대온실을 배경으로, 그 안에 숨어 있는 가슴 저릿한 비밀과 인간에 대한 믿음을 저버리지 않으려는 신념을 감동적으로 보여준다.",347122460,"한국어로 말할 줄 아니까, 학교를 다니면서 배웠으니까 등의 이유로 국어 공부가 필요하지 않다고 여기는 사람들이 있다. 과연 그럴까? 우리는 국어로 쓰인 텍스트를 통해 모든 지식과 문명, 역사, 문학 등을 배우고 소통하며 살아간다. 결국 국어를 제대로 알아야 지금의 세상을 이해하고 사람들과 원활히 소통할 수 있다는 의미다. 국어 공부가 평생 공부로 이어져야 하는 이유가 바로 여기에 있다. 서울대 강의 평가 1위 글쓰기 수업을 맡고 있는 나민애 교수","창경궁 대온실의 비밀을 둘러싼 장엄한 서사
소설이 줄 수 있는 최대의 재미와 감동을 만나다
마침내 탄생한 김금희의 역작!

마음에 이는 무늬를 섬세하게 수놓으며 이야기의 아름다움을 증명해온 소설가 김금희가 장편소설 『대온실 수리 보고서』를 선보인다. 이 작품은 동양 최대의 유리온실이었던 창경궁 대온실을 배경으로, 그 안에 숨어 있는 가슴 저릿한 비밀과 인간에 대한 믿음을 저버리지 않으려는 신념을 감동적으로 보여준다. 작가가 작품활동을 시작한 지 15년 만에 처음 선보이는 역사소설로, 김금희 소설세계를 한차원 새롭게 열며 근래 보기 드문 풍성한 장편소설의 진면목을 보여주는 대작이다. 창경궁과 창덕궁을 둘러싼 자연에 대한 묘사, 한국 최초 유리온실인 대온실의 건축을 아우르는 역사, 일제강점기 창경원에 감춰진 비밀, 오래된 서울의 동네인 원서동이 풍기는 정취, 그리고 그 안에서 살아가는 사람들의 마음을 크고 작은 사건을 통해 생생하게 보여주는 이 작품은 소설이 줄 수 있는 최대치의 재미와 감동을 독자에게 선사한다고 해도 과언이 아니다. 
이 작품의 주인공이 써내려가는 ‘수리 보고서’는 건축물을 수리하는 과정을 담은 글이면서 동시에 우리의 아픈 역사와 상처받은 인생의 한 순간을 수리하고 재건하는 기록이기도 하다. 인간이라면 누구나 불가피하게 경험할 수밖에 없는 어떤 마음의 상처는 건축물을 구성하는 필수요소, 마치 문고리나 창틀이 집을 짓기 위해서는 반드시 필요한 소재인 것처럼 삶을 이루는 데 꼭 필요한 요소라고 작가는 이야기하는 듯하다. 두려운 나머지 잊고 묻어두었던 과거를 다시 마주하게 된 주인공이 보고서에 마침표를 찍을 수 있을 때 이 방대한 이야기를 따라온 독자는 이 작품을 읽기 전과는 다른 사람이 된 것만 같은 마음의 성장을 실감하는 동시에 가슴 찡한 감동을 느끼게 될 것이다."
나의 두 번째 교과서 x 나민애의 다시 만난 국어,"서울대 강의 평가 1위 글쓰기 수업을 맡고 있는 나민애 교수는 문해력, 어휘력 부족으로 어려움을 겪는 요즘 어른들을 위해 고등학교 때는 몰랐던 국어 교과서 속의 재미와 가치를 찾아 나섰다. 나민애 교수가 직접 선정한 교과서 속 문학작품부터 시, 소설, 동화를 통해 찾는 독서의 쓸모, 그리고 현대인들에게 꼭 필요한 자기소개서, 서평, 메일 쓰기 등의 실용 글쓰기 노하우가 한 권에 담겼다.",353582652,"‘헌법을 왜 써야 하는가?’  이 물음에 대한 답변은 쉽지 않지만, 우리 사회 한편에서는 헌법 읽기 운동을 펼치는 등 헌법에 관심을 보이고 있다. 일반 시민이 헌법을 읽고 필사해 보아야 하는 이유는 무엇인가? 헌법에 우리가 모르는 대단한 것이 숨어 있어서일까? 아니면 헌법을 따라 써 봄으로써 실질적인 힘을 가지기 때문일까? 근대국가는 주권 혁명에 따라 제각기 헌법을 마련했다. 헌법은 한 국가의 실체이자 상징이다. 통치 기구가 국가를 제대로 운영","“지적 어른을 위한 잘 읽고, 쓰고, 말하는 법”

한국어로 말할 줄 아니까, 학교를 다니면서 배웠으니까 등의 이유로 국어 공부가 필요하지 않다고 여기는 사람들이 있다. 과연 그럴까? 우리는 국어로 쓰인 텍스트를 통해 모든 지식과 문명, 역사, 문학 등을 배우고 소통하며 살아간다. 결국 국어를 제대로 알아야 지금의 세상을 이해하고 사람들과 원활히 소통할 수 있다는 의미다. 국어 공부가 평생 공부로 이어져야 하는 이유가 바로 여기에 있다. 서울대 강의 평가 1위 글쓰기 수업을 맡고 있는 나민애 교수는 문해력, 어휘력 부족으로 어려움을 겪는 요즘 어른들을 위해 고등학교 때는 몰랐던 국어 교과서 속의 재미와 가치를 찾아 나섰다. 나민애 교수가 직접 선정한 교과서 속 문학작품부터 시, 소설, 동화를 통해 찾는 독서의 쓸모, 그리고 현대인들에게 꼭 필요한 자기소개서, 서평, 메일 쓰기 등의 실용 글쓰기 노하우가 한 권에 담겼다. 국어를 단순히 의사소통의 수단으로만 쓰는 이들에게 국어의 진정한 재미를 깨닫게 하고, 제대로 쓰게 만드는 노하우가 들어 있는 이 책은 국어와 친해지지 못한 어른들에게 필독서가 될 것이다."
헌법 필사 (스프링) - 일생에 한 번 헌법을 필사하라,"독자들이 헌법을 쉽고 가벼운 기분으로 읽고 써 보면 좋겠다는 생각에서 기획된 책이다. 헌법 전체를 조문 순서대로 제시했으므로, 필사를 통해 그 속에 담긴 속뜻까지 쉽게 파악할 수 있다.",351028235,"《마음의 기술》은 우리를 고통스럽게 하는 행동과 생각을 수정하고 강렬한 감정을 조절하는 방법을 안내하는 책이다. 그리고 그 방법은 누구나 쉽게 이해하고 적용할 수 있는 신경과학 기초 지식을 바탕으로 한다. 정신과의사이자 신경과학박사인 안-엘렌 클레르와 심리치료사 뱅상 트리부는 뇌가 교육이 가능하며, 뇌의 기능을 이해한다면 누구라도 자신의 뇌를 교육할 수 있다고 말한다. 두 저자가 전하는 지식과 경험을 이용해 독자가 스스로 ‘내 마음의 주치의’가","‘헌법을 왜 써야 하는가?’
 
이 물음에 대한 답변은 쉽지 않지만, 우리 사회 한편에서는 헌법 읽기 운동을 펼치는 등 헌법에 관심을 보이고 있다. 일반 시민이 헌법을 읽고 필사해 보아야 하는 이유는 무엇인가? 헌법에 우리가 모르는 대단한 것이 숨어 있어서일까? 아니면 헌법을 따라 써 봄으로써 실질적인 힘을 가지기 때문일까?
근대국가는 주권 혁명에 따라 제각기 헌법을 마련했다. 헌법은 한 국가의 실체이자 상징이다. 통치 기구가 국가를 제대로 운영하여 국민의 기본권을 보장하려면 수많은 법률이 필요하다. 우리는 헌법이라는 이름 아래 촘촘하게 짜여 있는 법과 제도의 보호를 받으며 존엄과 가치를 훼손당하지 않으면서 행복을 추구하게 된다. 헌법만 제대로 작동한다면 누구나 인간다운 생활을 누릴 수 있다.
그러나 살아가면서 우리는 현실이 이상과는 다르다는 사실을 저마다의 경험으로 알게 된다. 헌법과 현실은 다를 수밖에 없다. 헌법이 현실보다 고귀한 가치를 지녀서라기보다, 결국 그것도 우리가 사는 국가 공동체라는 세계를 이해하는 유효한 수단이기 때문이다.
헌법이 개인의 자유와 권리를 억압한다면 이를 개정해야만 한다. 개헌이 헌법과 현실 사이의 거리를 가깝게 만드는 데 도움이 된다면 이를 마다할 이유가 없다. 이러한 점에서 시민의 한 사람으로서 헌법을 찬찬히 정독하고 따라 써 보는 행위는 큰 의미가 있다."
마음의 기술 - 부정적 감정을 지우는 효과적인 뇌 사용법,우리를 고통스럽게 하는 행동과 생각을 수정하고 강렬한 감정을 조절하는 방법을 안내하는 책이다. 그리고 그 방법은 누구나 쉽게 이해하고 적용할 수 있는 신경과학 기초 지식을 바탕으로 한다.,352388892,"부커상과 전미도서상 최종 후보로 선정되었던 정보라의 두 번째 소설집 《너의 유토피아》가 2025년 1월 래빗홀에서 다시 출간되었다. 2021년 출간된 《그녀를 만나다》의 개정판인 이 책은 폐허의 오늘에서 더 나은 세계를 향해 가는 꾸준한 노력을 담아낸 〈너의 유토피아〉를 표제작으로 삼고, 새로운 순서와 장정, 더 정교히 다듬어진 문장으로 정비되어 독자를 만날 채비를 마쳤다. 안톤 허의 번역으로 지난해 영문판 Your Utopia가 미국, 영국, 인도","뇌를 이해해야 마음이 보인다
삶에 은밀히 녹아든 부정적 감정을 지우는 효과적인 뇌 사용법
구체적 사례를 통한 감정, 행동 패턴, 통제 방법 제시

《마음의 기술》은 우리를 고통스럽게 하는 행동과 생각을 수정하고 강렬한 감정을 조절하는 방법을 안내하는 책이다. 그리고 그 방법은 누구나 쉽게 이해하고 적용할 수 있는 신경과학 기초 지식을 바탕으로 한다. 정신과의사이자 신경과학박사인 안-엘렌 클레르와 심리치료사 뱅상 트리부는 뇌가 교육이 가능하며, 뇌의 기능을 이해한다면 누구라도 자신의 뇌를 교육할 수 있다고 말한다. 두 저자가 전하는 지식과 경험을 이용해 독자가 스스로 ‘내 마음의 주치의’가 되는 것이 바로 이 책의 목적이다.
 
이 책은 신경생물학 모델, 인지행동 모델, 수용전념치료, 마음챙김, 심리도식치료, 긍정심리학 등 정신의학에서 검증된 이론들을 다양한 심리적 문제 상황에 맞게 적용하는 법을 알려준다. 구체적인 상담 사례를 예시로 들어 어떤 이론을 사용할지, 어떤 이론들을 조합할지, 이때 주의할 점은 무엇인지, 일반 독자의 눈높이에 맞춰 친절하고 명확하게 제시하고 있다. 실제 상담에서 효과를 본 검증된 방법인 만큼, 이를 활용하면 일상 속 심리 문제에 효과적으로 대처할 수 있을 것이다.
 
더불어 이 책은 전문가와 상담이 필요한 경우가 무엇인지 명확하게 알려준다는 장점이 있다. 심리 문제를 겪는 사람들의 고민 중 하나는 과연 내 마음이 스스로 치유가 가능한지, 아니면 전문가를 찾아야 하는지 알기가 어렵다는 점이다. 이 책은 증상과 원인에 따라 전문가의 도움이 필요한 상황을 알려주어, 독자가 올바르게 대처할 수 있도록 안내하고 있다.
 
1부 ‘뇌 이해하기’에서는 우리 뇌가 어떻게 작동하는지, 특정 감정이 생겨나고 표출되는 데 어떠한 역할을 하는지 알려준다. 뇌의 작동 방식을 명확히 이해해 앞으로 배우게 될 다양한 기술이 작동하는 원리를 이해하도록 돕는다.
 
2부 ‘통제 수단’에서는 우리의 마음을 다스리는 다양한 기술을 알려준다. 이 기술들은 어렵지 않고, 일상에서도 수행할 수 있으며, 삶의 다양한 문제에 적용할 수 있어 독자가 스스로 ‘내 마음의 주치의’가 되도록 도와줄 것이다.

3부 ‘일상에서 실천하기’에서는 구체적인 심리 상황에 맞게 앞에서 배운 내용을 적용하는 방법을 알려준다. 불안이 커졌을 때, 슬픔에서 헤어 나오지 못할 때, 번아웃에 빠졌을 때 어떤 기술을 활용해야 하는지 구체적인 사례를 통해 알려준다.
 
행복과 평안은 어디선가 주어지는 게 아니라, 내 마음 안에 있다. 그러니 마음을 잘 다스릴 수 있다면 고통에서 벗어나 긍정적인 삶의 모습에 다가갈 수 있을 것이다. 《마음의 기술》에서 제시하는 뇌 훈련법과 감정 대응법을 바탕으로 ‘내 마음의 주치의’가 되어 새로운 삶의 길을 열어 보자!"
너의 유토피아,"부커상과 전미도서상 최종 후보로 선정되었던 정보라의 두 번째 소설집 《너의 유토피아》가 2025년 1월 래빗홀에서 다시 출간되었다. 2021년 출간된 《그녀를 만나다》의 개정판인 이 책은 〈너의 유토피아〉를 표제작으로 삼고, 새로운 순서와 장정, 더 정교히 다듬어진 문장으로 정비되어 독자를 만날 채비를 마쳤다.",355499173,"2024년 제47대 미국 대통령 선거에서 도널드 트럼프가 당선되면서 “트럼프 2.0 시대”가 도래했다. 지난 2017년 트럼프 정부 1기 때와는 판도가 완전히 달라진 양상이다. 한층 강력해진 트럼프 정부 2기를 앞두고 여러모로 불리한 정책 방향이 예상되지만 대한민국 경제는 물론, 세계 경제사의 현장에서 함께 뛰어온 박종훈 경제 전문가가 정확한 분석과 대비를 통해 트럼프 리스크를 트럼프 기회로 바꿀 수 있는 방안을 제시한다. 더불어 트럼프 정책이","현대 세계 문학장에서 가장 매력적인 목소리를 내는 작가
정보라 두 번째 소설집 《너의 유토피아》

부커상과 전미도서상 최종 후보로 선정되었던 정보라의 두 번째 소설집 《너의 유토피아》가 2025년 1월 래빗홀에서 다시 출간되었다. 2021년 출간된 《그녀를 만나다》의 개정판인 이 책은 폐허의 오늘에서 더 나은 세계를 향해 가는 꾸준한 노력을 담아낸 〈너의 유토피아〉를 표제작으로 삼고, 새로운 순서와 장정, 더 정교히 다듬어진 문장으로 정비되어 독자를 만날 채비를 마쳤다. 안톤 허의 번역으로 지난해 영문판 Your Utopia가 미국, 영국, 인도, 호주에서 출간된 이래, 미국 시사 주간지 《타임》의 ‘2024 올해의 책’으로 선정되었고, 2025년 1월 발표된 필립 K. 딕상의 후보작으로도 이름을 올렸다. 휴고상, 네뷸러상과 함께 필립 K. 딕상은 세계 3대 SF 문학상으로 꼽히기도 한다. 한국인이 한국어로 쓴 소설이 3대 SF 문학상 중 하나에 후보로 오른 것은 처음이다.
이 책은 치졸하고 우스꽝스러운 세계의 모순을 들추어내면서도, 이 비루한 생을 버티고 서로를 보살피며 서툰 사랑을 배워가는 존재들을 보여준다. 그러다 벼락처럼 사랑을 잃는 순간 그 자리에 멈추어 애도하고 기억을 새기며 다시 앞으로 나아가는 남겨진 이들의 숙명을 이야기한다. “행동으로 애도하지 않는다면 나는 이런 상실을 어떻게 기억할 것인가”(p. 362)라는 작가의 말에서 알 수 있듯, 단지 상황을 수용하고 슬퍼하는 것에 그치는 것이 아니라 더 나은 세계를 요구하며 싸우고 외치는 굳은 의지가 담겼음 또한 읽어낼 수 있다. 소설가 최진영은 추천사에서 “씨앗처럼 가장 멀리 날아가 깊이 뿌리 내리고 사방으로 뻗어나갈 이야기”라고 이 책을 소개한다. 폭력과 억압의 시절에 조금씩 갉아먹히다가도 끝내 한꺼번에 되찾을 유토피아의 작은 씨앗 하나를 심어내는 정보라의 소설이 여기 있다."
트럼프 2.0 시대 - 글로벌 대격변이 시작된다,"세계 경제사의 현장에서 함께 뛰어온 박종훈 경제 전문가가 정확한 분석과 대비를 통해 트럼프 리스크를 트럼프 기회로 바꿀 수 있는 방안을 제시한다. 더불어 트럼프 정책이 어떤 나비 효과를 불러올지, 그리고 그 안에서 어떠한 기회를 찾을 수 있을지 정확하게 분석한다.",351631229,,"2024년 제47대 미국 대통령 선거에서 도널드 트럼프가 당선되면서 “트럼프 2.0 시대”가 도래했다. 지난 2017년 트럼프 정부 1기 때와는 판도가 완전히 달라진 양상이다. 한층 강력해진 트럼프 정부 2기를 앞두고 여러모로 불리한 정책 방향이 예상되지만 대한민국 경제는 물론, 세계 경제사의 현장에서 함께 뛰어온 박종훈 경제 전문가가 정확한 분석과 대비를 통해 트럼프 리스크를 트럼프 기회로 바꿀 수 있는 방안을 제시한다. 더불어 트럼프 정책이 어떤 나비 효과를 불러올지, 그리고 그 안에서 어떠한 기회를 찾을 수 있을지 정확하게 분석한다. 
국내 대다수 언론들의 예측을 깨고 대선 전부터 트럼프 당선을 예견해 온 저자가 더욱 막강해진 트럼프 2.0 시대에 환율, 금리, 물가 등 글로벌 경제의 거대한 지각 변동, 미중 패권 전쟁과 무역 질서의 재편, 반도체와 에너지 산업의 향방, 우크라이나 전쟁, 중동 위기, 중국과 대만 갈등을 포함한 국제 정세와 더불어 이러한 변화가 한국 경제에 미치는 영향은 무엇인지 면밀히 짚어 본다. 트럼프 시대를 위기가 아닌 새로운 기회로 삼고자 하는 저자의 간절한 바람과 더불어 다시 한번 대한민국이 재도약할 수 있는 부활의 길을 찾을 수 있기를 바라 본다."
